<step title="BackgroundTrace" date="2025-10-16T19:56:24.995" instance="3dffe1" url="/api/publish" method="POST" >
  <step title="Cleanup Xml Logs" date="2025-10-16T19:56:24.999" >
    <step title="Cleanup Infos" date="2025-10-16T19:56:25.032" totalFiles="434" totalCleanup="274" /><!-- duration: 6ms -->
  </step><!-- duration: 46ms -->
  <step title="Creating temporary deployment - FetchDeploymentManager" date="2025-10-16T19:56:25.188" /><!-- duration: 5ms -->
  <step title="Creating temporary deployment" date="2025-10-16T19:56:25.206" /><!-- duration: 172ms -->
  <step title="Performing fetch based deployment" date="2025-10-16T19:56:25.466" >
    <step title="Cleaning up temp folders from previous zip deployments and extracting pushed zip file /tmp/zipdeploy/d222abc2-3d9f-492d-b8bf-06b2cbc55f2b.zip (18.63 MB) to /tmp/zipdeploy/extracted" date="2025-10-16T19:56:26.980" >
      <step title="ChmodRecursive Process exited with total time taken in ms: 558" date="2025-10-16T19:56:28.654" /><!-- duration: 4ms -->
    </step><!-- duration: 1683ms -->
    <step title="Deployment timer started" date="2025-10-16T19:56:30.693" >
      <step title="DeploymentManager.Deploy(id:b47a413c-e221-4950-bb1e-89c37b065b28)" date="2025-10-16T19:56:30.704" >
        <step title="Collecting changeset information" date="2025-10-16T19:56:30.722" /><!-- duration: 130ms -->
        <step title="Updating submodules" date="2025-10-16T19:56:30.857" /><!-- duration: 1131ms -->
        <step title="Determining deployment builder" date="2025-10-16T19:56:32.324" >
          <step title="Builder is OryxBuilder" date="2025-10-16T19:56:32.338" /><!-- duration: 3ms -->
        </step><!-- duration: 25ms -->
        <step title="PreDeployment: context.CleanOutputPath False" date="2025-10-16T19:56:32.416" >
          <step title="PreDeployment: context.OutputPath /home/site/wwwroot" date="2025-10-16T19:56:32.566" >
            <step title="Building" date="2025-10-16T19:56:32.715" >
              <step title="Executing external process" date="2025-10-16T19:56:33.065" type="process" path="bash" arguments="-c &quot;oryx build /tmp/zipdeploy/extracted -o /home/site/wwwroot --platform python --platform-version 3.12 -p virtualenv_name=antenv --log-file /tmp/build-debug.log  -i /tmp/8de0cee1abd1e7c --compress-destination-dir | tee /tmp/oryx-build.log ; exit $PIPESTATUS &quot;" >
                <step title="Cpu: python(4149,15.100s)+ts(4150,0.090s)+build.sh(4148,0.000s)+build.sh(4147,0.000s)+build.sh(4069,0.030s)+oryx(4050,3.680s)+tee(4051,0.000s)+bash(4049,0.000s)=total(18.880s)" date="2025-10-16T19:57:45.198" /><!-- duration: 9ms -->
                <step title="bash: no io activity for 61s, prev-cpu=-1.000s, current-cpu=18.880s" date="2025-10-16T19:57:45.220" /><!-- duration: 6ms -->
                <step title="Cpu: python(4149,53.980s)+ts(4150,0.090s)+build.sh(4148,0.000s)+build.sh(4147,0.000s)+build.sh(4069,0.030s)+oryx(4050,3.720s)+tee(4051,0.000s)+bash(4049,0.000s)=total(57.810s)" date="2025-10-16T19:58:45.337" /><!-- duration: 3ms -->
                <step title="bash: no io activity for 121s, prev-cpu=18.880s, current-cpu=57.810s" date="2025-10-16T19:58:45.344" /><!-- duration: 4ms -->
                <step title="Cpu: rsync(4210,8.760s)+rsync(4209,1.030s)+rsync(4208,6.760s)+build.sh(4069,0.030s)+oryx(4050,3.840s)+tee(4051,0.000s)+bash(4049,0.000s)=total(20.360s)" date="2025-10-16T20:00:24.125" /><!-- duration: 9ms -->
                <step title="bash: no io activity for 61s, prev-cpu=-1.000s, current-cpu=20.360s" date="2025-10-16T20:00:24.141" /><!-- duration: 5ms -->
                <step title="Cpu: gzip(4242,39.640s)+sh(4241,0.000s)+tar(4240,4.790s)+build.sh(4069,0.030s)+oryx(4050,3.890s)+tee(4051,0.000s)+bash(4049,0.000s)=total(48.340s)" date="2025-10-16T20:01:54.183" /><!-- duration: 5ms -->
                <step title="bash: no io activity for 61s, prev-cpu=-1.000s, current-cpu=48.340s" date="2025-10-16T20:01:54.193" /><!-- duration: 5ms -->
                <step title="Cpu: gzip(4242,84.820s)+sh(4241,0.000s)+tar(4240,7.540s)+build.sh(4069,0.030s)+oryx(4050,3.890s)+tee(4051,0.000s)+bash(4049,0.000s)=total(96.270s)" date="2025-10-16T20:02:54.306" /><!-- duration: 7ms -->
                <step title="bash: no io activity for 121s, prev-cpu=48.340s, current-cpu=96.270s" date="2025-10-16T20:02:54.317" /><!-- duration: 6ms -->
              </step><!-- duration: 411626ms -->
              <step title="Using PythonDeploymentLogParser" date="2025-10-16T20:03:25.212" /><!-- duration: 2ms -->
              <step title="Modified file to trigger a restart of the app container." date="2025-10-16T20:03:26.659" /><!-- duration: 5ms -->
              <step title="Skip function trigger and logicapp sync because function is not enabled." date="2025-10-16T20:03:26.674" /><!-- duration: 4ms -->
            </step><!-- duration: 415020ms -->
          </step><!-- duration: 415176ms -->
          <step title="Cleaning up temp files" date="2025-10-16T20:03:27.745" /><!-- duration: 9600ms -->
          <step title="Cleaning up temp files" date="2025-10-16T20:03:37.350" /><!-- duration: 530ms -->
          <step title="Reloading status file with latest updates" date="2025-10-16T20:03:37.914" >
            <step title="WebHooksManager.PublishEventAsync: PostDeployment" date="2025-10-16T20:03:37.920" /><!-- duration: 215ms -->
          </step><!-- duration: 225ms -->
          <step title="Cleaning up temporary deployment - fetch deployment was successful" date="2025-10-16T20:03:38.190" /><!-- duration: 4ms -->
        </step><!-- duration: 425863ms -->
      </step><!-- duration: 427676ms -->
