<step title="Incoming Request" date="2025-10-16T19:29:39.254" instance="3dffe1" url="/api/deployments/latest?deployer=OneDeploy&amp;time=2025-10-16_19-26-22Z" method="GET" type="request" pid="768,1,35" Host="sentiment-api-at2025.scm.azurewebsites.net" User-Agent="GITHUBACTIONS_DeployWebAppToAzure_166d80897058adf60a83b4621feef8c0848d3a717d55b28c45048fb29c44ee7b" Authorization="Bea..." Content-Type="application/json; charset=utf-8" Cookie="ARRAffinity=3dffe12b626d0727fde120b934eb00f6b88cedb4be5e0abcbc7f874600c24062;Path=/;HttpOnly;Secure;Domain=sentiment-api-at2025.scm.azurewebsites.net; ARRAffinitySameSite=3dffe12b626d0727fde120b934eb00f6b88cedb4be5e0abcbc7f874600c24062;Path=/;HttpOnly;SameSite=None;Secure;Domain=sentiment-api-at2025.scm.azurewebsites.net" Content-Length="0" X-ARR-LOG-ID="4e75bfc8-c26b-4d50-92a7-9fee586aeb11" CLIENT-IP="64.236.177.96:64450" X-SITE-DEPLOYMENT-ID="sentiment-api-at2025" WAS-DEFAULT-HOSTNAME="sentiment-api-at2025.scm.azurewebsites.net" X-Forwarded-Proto="https" X-AppService-Proto="https" X-Forwarded-TlsVersion="1.3" X-WAWS-Unencoded-URL="/api/deployments/latest?deployer=OneDeploy&amp;time=2025-10-16_19-26-22Z" X-Client-IP="64.236.177.96" X-Client-Port="64450" >
  <step title="Cleanup Xml Logs" date="2025-10-16T19:29:39.257" >
    <step title="Cleanup Infos" date="2025-10-16T19:29:39.276" totalFiles="394" totalCleanup="234" /><!-- duration: 27ms -->
  </step><!-- duration: 53ms -->
  <step title="DeploymentService.GetResult" date="2025-10-16T19:29:39.317" >
    <step title="DeploymentService.GetLatestDeployment" date="2025-10-16T19:29:39.321" >
      <step title="DeploymentManager.GetResults" date="2025-10-16T19:29:39.325" /><!-- duration: 514ms -->
    </step><!-- duration: 521ms -->
  </step><!-- duration: 526ms -->
  <step title="Outgoing response" date="2025-10-16T19:29:39.847" type="response" statusCode="202" statusText="Accepted" /><!-- duration: 2ms -->
</step><!-- duration: 598ms -->
