<step title="BackgroundTrace" date="2025-10-16T18:21:33.638" instance="3dffe1" url="/api/publish" method="POST" >
  <step title="Creating temporary deployment - FetchDeploymentManager" date="2025-10-16T18:21:33.741" /><!-- duration: 2ms -->
  <step title="Creating temporary deployment" date="2025-10-16T18:21:33.747" /><!-- duration: 140ms -->
  <step title="Performing fetch based deployment" date="2025-10-16T18:21:33.955" >
    <step title="Cleaning up temp folders from previous zip deployments and extracting pushed zip file /tmp/zipdeploy/e972afad-576e-456f-a932-32137b3137bd.zip (18.63 MB) to /tmp/zipdeploy/extracted" date="2025-10-16T18:21:35.261" >
      <step title="ChmodRecursive Process exited with total time taken in ms: 312" date="2025-10-16T18:21:36.350" /><!-- duration: 4ms -->
    </step><!-- duration: 1124ms -->
    <step title="Deployment timer started" date="2025-10-16T18:21:38.434" >
      <step title="DeploymentManager.Deploy(id:d2016969-2771-468e-b91a-2a9d8af80435)" date="2025-10-16T18:21:38.441" >
        <step title="Collecting changeset information" date="2025-10-16T18:21:38.466" /><!-- duration: 111ms -->
        <step title="Updating submodules" date="2025-10-16T18:21:38.584" /><!-- duration: 1305ms -->
        <step title="Determining deployment builder" date="2025-10-16T18:21:40.155" >
          <step title="Builder is OryxBuilder" date="2025-10-16T18:21:40.169" /><!-- duration: 3ms -->
        </step><!-- duration: 21ms -->
        <step title="PreDeployment: context.CleanOutputPath False" date="2025-10-16T18:21:40.241" >
          <step title="PreDeployment: context.OutputPath /home/site/wwwroot" date="2025-10-16T18:21:40.375" >
            <step title="Building" date="2025-10-16T18:21:40.594" >
              <step title="Executing external process" date="2025-10-16T18:21:41.640" type="process" path="bash" arguments="-c &quot;oryx build /tmp/zipdeploy/extracted -o /home/site/wwwroot --platform python --platform-version 3.12 -p virtualenv_name=antenv --log-file /tmp/build-debug.log  -i /tmp/8de0ce0d9f0cd96 --compress-destination-dir | tee /tmp/oryx-build.log ; exit $PIPESTATUS &quot;" >
                <step title="Cpu: python(2063,25.340s)+ts(2064,0.100s)+build.sh(2062,0.000s)+build.sh(2061,0.000s)+build.sh(1985,0.020s)+oryx(1963,4.580s)+tee(1964,0.000s)+bash(1962,0.000s)=total(30.030s)" date="2025-10-16T18:22:48.897" /><!-- duration: 5ms -->
                <step title="bash: no io activity for 60s, prev-cpu=-1.000s, current-cpu=30.030s" date="2025-10-16T18:22:49.037" /><!-- duration: 3ms -->
                <step title="Cpu: rsync(2109,9.110s)+rsync(2108,1.100s)+rsync(2107,7.010s)+build.sh(1985,0.030s)+oryx(1963,4.770s)+tee(1964,0.000s)+bash(1962,0.000s)=total(22.020s)" date="2025-10-16T18:24:32.612" /><!-- duration: 6ms -->
                <step title="bash: no io activity for 61s, prev-cpu=-1.000s, current-cpu=22.020s" date="2025-10-16T18:24:32.892" /><!-- duration: 6ms -->
                <step title="Cpu: gzip(2133,42.320s)+sh(2132,0.000s)+tar(2131,4.210s)+build.sh(1985,0.030s)+oryx(1963,4.790s)+tee(1964,0.000s)+bash(1962,0.000s)=total(51.350s)" date="2025-10-16T18:25:34.957" /><!-- duration: 5ms -->
                <step title="bash: no io activity for 61s, prev-cpu=-1.000s, current-cpu=51.350s" date="2025-10-16T18:25:34.966" /><!-- duration: 5ms -->
              </step><!-- duration: 270361ms -->
              <step title="Using PythonDeploymentLogParser" date="2025-10-16T18:26:12.737" /><!-- duration: 6ms -->
              <step title="Modified file to trigger a restart of the app container." date="2025-10-16T18:26:14.073" /><!-- duration: 5ms -->
              <step title="Skip function trigger and logicapp sync because function is not enabled." date="2025-10-16T18:26:14.082" /><!-- duration: 5ms -->
            </step><!-- duration: 274373ms -->
          </step><!-- duration: 274596ms -->
          <step title="Cleaning up temp files" date="2025-10-16T18:26:14.973" /><!-- duration: 6467ms -->
          <step title="Cleaning up temp files" date="2025-10-16T18:26:21.445" /><!-- duration: 505ms -->
          <step title="Reloading status file with latest updates" date="2025-10-16T18:26:22.008" >
            <step title="WebHooksManager.PublishEventAsync: PostDeployment" date="2025-10-16T18:26:22.010" /><!-- duration: 269ms -->
          </step><!-- duration: 274ms -->
          <step title="Cleaning up temporary deployment - fetch deployment was successful" date="2025-10-16T18:26:22.291" /><!-- duration: 3ms -->
        </step><!-- duration: 282101ms -->
      </step><!-- duration: 283918ms -->
