<step title="Incoming Request" date="2025-10-16T18:46:59.502" instance="3dffe1" url="/api/publish?async=true&amp;deployer=GITHUB_ONE_DEPLOY&amp;type=zip&amp;message=%7B%22type%22%3A%22deployment%22%2C%22sha%22%3A%22405e55e126bd18bebc268d6222c2eba050a402f4%22%2C%22repoName%22%3A%22theven1anthony%2Fsentiment_analysis%22%2C%22actor%22%3A%22theven1anthony%22%2C%22slotName%22%3A%22production%22%2C%22commitMessage%22%3A%22Correction%20health%20check%20API%20dans%20workflow%20CI%5Cn%5CnTest%20du%20endpoint%20%2Fhealth%20au%20lieu%20de%20%2F%20pour%20validation.%22%7D" method="POST" type="request" pid="768,1,26" Host="sentiment-api-at2025.scm.azurewebsites.net" User-Agent="GITHUBACTIONS_DeployWebAppToAzure_166d80897058adf60a83b4621feef8c0848d3a717d55b28c45048fb29c44ee7b" Authorization="Bea..." Content-Type="application/octet-stream" Cookie="ARRAffinity=3dffe12b626d0727fde120b934eb00f6b88cedb4be5e0abcbc7f874600c24062;Path=/;HttpOnly;Secure;Domain=sentiment-api-at2025.scm.azurewebsites.net; ARRAffinitySameSite=3dffe12b626d0727fde120b934eb00f6b88cedb4be5e0abcbc7f874600c24062;Path=/;HttpOnly;SameSite=None;Secure;Domain=sentiment-api-at2025.scm.azurewebsites.net" Transfer-Encoding="chunked" X-ARR-LOG-ID="7d69a065-0833-459e-baee-d969fb59f50e" CLIENT-IP="40.76.239.103:45112" X-SITE-DEPLOYMENT-ID="sentiment-api-at2025" WAS-DEFAULT-HOSTNAME="sentiment-api-at2025.scm.azurewebsites.net" X-Forwarded-Proto="https" X-AppService-Proto="https" X-Forwarded-TlsVersion="1.3" X-WAWS-Unencoded-URL="/api/publish?async=true&amp;deployer=GITHUB_ONE_DEPLOY&amp;type=zip&amp;message=%7B%22type%22%3A%22deployment%22%2C%22sha%22%3A%22405e55e126bd18bebc268d6222c2eba050a402f4%22%2C%22repoName%22%3A%22theven1anthony%2Fsentiment_analysis%22%2C%22actor%22%3A%22theven1anthony%22%2C%22slotName%22%3A%22production%22%2C%22commitMessage%22%3A%22Correction%20health%20check%20API%20dans%20workflow%20CI%5Cn%5CnTest%20du%20endpoint%20%2Fhealth%20au%20lieu%20de%20%2F%20pour%20validation.%22%7D" X-Client-IP="40.76.239.103" X-Client-Port="45112" >
  <step title="OneDeploy" date="2025-10-16T18:46:59.571" >
    <step title="Starting PushDeployAsync" date="2025-10-16T18:46:59.616" /><!-- duration: 6ms -->
    <step title="Writing artifact to /tmp/zipdeploy/d93d6785-a90f-43e6-9b45-50c5c396476e.zip" date="2025-10-16T18:46:59.656" >
      <step title="Writing multipart request body to /tmp/zipdeploy/d93d6785-a90f-43e6-9b45-50c5c396476e.zip" date="2025-10-16T18:46:59.662" /><!-- duration: 6ms -->
    </step><!-- duration: 978ms -->
    <step title="Removing previous build artifact&apos;s manifest file" date="2025-10-16T18:47:00.642" >
      <step title="Start deployment in the background" date="2025-10-16T18:47:00.680" >
        <step title="Acquiring Deployment Lock" date="2025-10-16T18:47:00.712" /><!-- duration: 3ms -->
        <step title="Acquired Deployment Lock" date="2025-10-16T18:47:00.752" /><!-- duration: 2ms -->
      </step><!-- duration: 144ms -->
    </step><!-- duration: 197ms -->
    <step title="Outgoing response" date="2025-10-16T18:47:00.843" type="response" statusCode="202" statusText="Accepted" /><!-- duration: 3ms -->
  </step><!-- duration: 1287ms -->
