<step title="Incoming Request" date="2025-10-16T18:52:20.539" instance="3dffe1" url="/api/deployments/latest?deployer=OneDeploy&amp;time=2025-10-16_18-47-00Z" method="GET" type="request" pid="768,1,17" Host="sentiment-api-at2025.scm.azurewebsites.net" User-Agent="GITHUBACTIONS_DeployWebAppToAzure_166d80897058adf60a83b4621feef8c0848d3a717d55b28c45048fb29c44ee7b" Authorization="Bea..." Content-Type="application/json; charset=utf-8" Cookie="ARRAffinity=3dffe12b626d0727fde120b934eb00f6b88cedb4be5e0abcbc7f874600c24062;Path=/;HttpOnly;Secure;Domain=sentiment-api-at2025.scm.azurewebsites.net; ARRAffinitySameSite=3dffe12b626d0727fde120b934eb00f6b88cedb4be5e0abcbc7f874600c24062;Path=/;HttpOnly;SameSite=None;Secure;Domain=sentiment-api-at2025.scm.azurewebsites.net" Content-Length="0" X-ARR-LOG-ID="f78c9bf5-7781-4702-9d19-e4b34e73240a" CLIENT-IP="40.76.239.103:45113" X-SITE-DEPLOYMENT-ID="sentiment-api-at2025" WAS-DEFAULT-HOSTNAME="sentiment-api-at2025.scm.azurewebsites.net" X-Forwarded-Proto="https" X-AppService-Proto="https" X-Forwarded-TlsVersion="1.3" X-WAWS-Unencoded-URL="/api/deployments/latest?deployer=OneDeploy&amp;time=2025-10-16_18-47-00Z" X-Client-IP="40.76.239.103" X-Client-Port="45113" >
  <step title="Cleanup Xml Logs" date="2025-10-16T18:52:20.617" >
    <step title="Cleanup Infos" date="2025-10-16T18:52:20.694" totalFiles="282" totalCleanup="122" /><!-- duration: 23ms -->
  </step><!-- duration: 116ms -->
  <step title="DeploymentService.GetResult" date="2025-10-16T18:52:20.760" >
    <step title="DeploymentService.GetLatestDeployment" date="2025-10-16T18:52:20.772" >
      <step title="DeploymentManager.GetResults" date="2025-10-16T18:52:20.776" /><!-- duration: 756ms -->
    </step><!-- duration: 772ms -->
  </step><!-- duration: 811ms -->
  <step title="Outgoing response" date="2025-10-16T18:52:21.591" type="response" statusCode="202" statusText="Accepted" /><!-- duration: 13ms -->
</step><!-- duration: 1075ms -->
