<step title="Incoming Request" date="2025-10-16T19:07:53.758" instance="3dffe1" url="/api/deployments/latest?deployer=OneDeploy&amp;time=2025-10-16_19-03-18Z" method="GET" type="request" pid="768,1,20" Host="sentiment-api-at2025.scm.azurewebsites.net" User-Agent="GITHUBACTIONS_DeployWebAppToAzure_166d80897058adf60a83b4621feef8c0848d3a717d55b28c45048fb29c44ee7b" Authorization="Bea..." Content-Type="application/json; charset=utf-8" Cookie="ARRAffinity=3dffe12b626d0727fde120b934eb00f6b88cedb4be5e0abcbc7f874600c24062;Path=/;HttpOnly;Secure;Domain=sentiment-api-at2025.scm.azurewebsites.net; ARRAffinitySameSite=3dffe12b626d0727fde120b934eb00f6b88cedb4be5e0abcbc7f874600c24062;Path=/;HttpOnly;SameSite=None;Secure;Domain=sentiment-api-at2025.scm.azurewebsites.net" Content-Length="0" X-ARR-LOG-ID="ac0ae2f7-f291-4927-b760-93e1c07da104" CLIENT-IP="20.81.159.7:6146" X-SITE-DEPLOYMENT-ID="sentiment-api-at2025" WAS-DEFAULT-HOSTNAME="sentiment-api-at2025.scm.azurewebsites.net" X-Forwarded-Proto="https" X-AppService-Proto="https" X-Forwarded-TlsVersion="1.3" X-WAWS-Unencoded-URL="/api/deployments/latest?deployer=OneDeploy&amp;time=2025-10-16_19-03-18Z" X-Client-IP="20.81.159.7" X-Client-Port="6146" >
  <step title="Cleanup Xml Logs" date="2025-10-16T19:07:53.762" >
    <step title="Cleanup Infos" date="2025-10-16T19:07:53.787" totalFiles="341" totalCleanup="181" /><!-- duration: 5ms -->
  </step><!-- duration: 34ms -->
  <step title="DeploymentService.GetResult" date="2025-10-16T19:07:53.806" >
    <step title="DeploymentService.GetLatestDeployment" date="2025-10-16T19:07:53.811" >
      <step title="DeploymentManager.GetResults" date="2025-10-16T19:07:53.818" /><!-- duration: 452ms -->
    </step><!-- duration: 462ms -->
  </step><!-- duration: 471ms -->
  <step title="Outgoing response" date="2025-10-16T19:07:54.280" type="response" statusCode="202" statusText="Accepted" /><!-- duration: 7ms -->
</step><!-- duration: 532ms -->
