<step title="Incoming Request" date="2025-10-16T18:47:08.045" instance="3dffe1" url="/api/deployments/latest?deployer=OneDeploy&amp;time=2025-10-16_18-47-00Z" method="GET" type="request" pid="768,1,18" Host="sentiment-api-at2025.scm.azurewebsites.net" User-Agent="GITHUBACTIONS_DeployWebAppToAzure_166d80897058adf60a83b4621feef8c0848d3a717d55b28c45048fb29c44ee7b" Authorization="Bea..." Content-Type="application/json; charset=utf-8" Cookie="ARRAffinity=3dffe12b626d0727fde120b934eb00f6b88cedb4be5e0abcbc7f874600c24062;Path=/;HttpOnly;Secure;Domain=sentiment-api-at2025.scm.azurewebsites.net; ARRAffinitySameSite=3dffe12b626d0727fde120b934eb00f6b88cedb4be5e0abcbc7f874600c24062;Path=/;HttpOnly;SameSite=None;Secure;Domain=sentiment-api-at2025.scm.azurewebsites.net" Content-Length="0" X-ARR-LOG-ID="68928c2b-8a8a-4a53-93a2-d196d5b2d975" CLIENT-IP="40.76.239.103:45114" X-SITE-DEPLOYMENT-ID="sentiment-api-at2025" WAS-DEFAULT-HOSTNAME="sentiment-api-at2025.scm.azurewebsites.net" X-Forwarded-Proto="https" X-AppService-Proto="https" X-Forwarded-TlsVersion="1.3" X-WAWS-Unencoded-URL="/api/deployments/latest?deployer=OneDeploy&amp;time=2025-10-16_18-47-00Z" X-Client-IP="40.76.239.103" X-Client-Port="45114" >
  <step title="Cleanup Xml Logs" date="2025-10-16T18:47:08.052" >
    <step title="Cleanup Infos" date="2025-10-16T18:47:08.115" totalFiles="233" totalCleanup="73" /><!-- duration: 20ms -->
  </step><!-- duration: 94ms -->
  <step title="DeploymentService.GetResult" date="2025-10-16T18:47:08.169" >
    <step title="DeploymentService.GetLatestDeployment" date="2025-10-16T18:47:08.175" >
      <step title="DeploymentManager.GetResults" date="2025-10-16T18:47:08.184" /><!-- duration: 1452ms -->
    </step><!-- duration: 1514ms -->
  </step><!-- duration: 1543ms -->
  <step title="Outgoing response" date="2025-10-16T18:47:09.749" type="response" statusCode="202" statusText="Accepted" /><!-- duration: 29ms -->
</step><!-- duration: 1746ms -->
