<step title="Incoming Request" date="2025-10-16T18:21:32.502" instance="3dffe1" url="/api/publish?async=true&amp;deployer=GITHUB_ONE_DEPLOY&amp;type=zip&amp;message=%7B%22type%22%3A%22deployment%22%2C%22sha%22%3A%227e28272d6c39c2495215d0d3b240dd6d96488d94%22%2C%22repoName%22%3A%22theven1anthony%2Fsentiment_analysis%22%2C%22actor%22%3A%22theven1anthony%22%2C%22slotName%22%3A%22production%22%2C%22commitMessage%22%3A%22Merge%20remote-tracking%20branch%20%27origin%2Fmain%27%22%7D" method="POST" type="request" pid="768,1,41" Host="sentiment-api-at2025.scm.azurewebsites.net" User-Agent="GITHUBACTIONS_DeployWebAppToAzure_166d80897058adf60a83b4621feef8c0848d3a717d55b28c45048fb29c44ee7b" Authorization="Bea..." Content-Type="application/octet-stream" Cookie="ARRAffinity=3dffe12b626d0727fde120b934eb00f6b88cedb4be5e0abcbc7f874600c24062;Path=/;HttpOnly;Secure;Domain=sentiment-api-at2025.scm.azurewebsites.net; ARRAffinitySameSite=3dffe12b626d0727fde120b934eb00f6b88cedb4be5e0abcbc7f874600c24062;Path=/;HttpOnly;SameSite=None;Secure;Domain=sentiment-api-at2025.scm.azurewebsites.net" Transfer-Encoding="chunked" X-ARR-LOG-ID="e230d78e-001d-4f89-b3a5-269e890a4b5f" CLIENT-IP="9.234.149.84:25600" X-SITE-DEPLOYMENT-ID="sentiment-api-at2025" WAS-DEFAULT-HOSTNAME="sentiment-api-at2025.scm.azurewebsites.net" X-Forwarded-Proto="https" X-AppService-Proto="https" X-Forwarded-TlsVersion="1.3" X-WAWS-Unencoded-URL="/api/publish?async=true&amp;deployer=GITHUB_ONE_DEPLOY&amp;type=zip&amp;message=%7B%22type%22%3A%22deployment%22%2C%22sha%22%3A%227e28272d6c39c2495215d0d3b240dd6d96488d94%22%2C%22repoName%22%3A%22theven1anthony%2Fsentiment_analysis%22%2C%22actor%22%3A%22theven1anthony%22%2C%22slotName%22%3A%22production%22%2C%22commitMessage%22%3A%22Merge%20remote-tracking%20branch%20%27origin%2Fmain%27%22%7D" X-Client-IP="9.234.149.84" X-Client-Port="25600" >
  <step title="OneDeploy" date="2025-10-16T18:21:32.611" >
    <step title="Starting PushDeployAsync" date="2025-10-16T18:21:32.708" /><!-- duration: 4ms -->
    <step title="Writing artifact to /tmp/zipdeploy/e972afad-576e-456f-a932-32137b3137bd.zip" date="2025-10-16T18:21:32.729" >
      <step title="Writing multipart request body to /tmp/zipdeploy/e972afad-576e-456f-a932-32137b3137bd.zip" date="2025-10-16T18:21:32.747" /><!-- duration: 4ms -->
    </step><!-- duration: 856ms -->
    <step title="Removing previous build artifact&apos;s manifest file" date="2025-10-16T18:21:33.617" >
      <step title="Start deployment in the background" date="2025-10-16T18:21:33.634" >
        <step title="Acquiring Deployment Lock" date="2025-10-16T18:21:33.684" /><!-- duration: 3ms -->
        <step title="Acquired Deployment Lock" date="2025-10-16T18:21:33.734" /><!-- duration: 4ms -->
      </step><!-- duration: 262ms -->
    </step><!-- duration: 303ms -->
    <step title="Outgoing response" date="2025-10-16T18:21:33.930" type="response" statusCode="202" statusText="Accepted" /><!-- duration: 4ms -->
  </step><!-- duration: 1328ms -->
