<step title="Incoming Request" date="2025-10-16T20:00:43.828" instance="3dffe1" url="/api/deployments/latest?deployer=OneDeploy&amp;time=2025-10-16_19-56-25Z" method="GET" type="request" pid="768,1,18" Host="sentiment-api-at2025.scm.azurewebsites.net" User-Agent="GITHUBACTIONS_DeployWebAppToAzure_166d80897058adf60a83b4621feef8c0848d3a717d55b28c45048fb29c44ee7b" Authorization="Bea..." Content-Type="application/json; charset=utf-8" Cookie="ARRAffinity=3dffe12b626d0727fde120b934eb00f6b88cedb4be5e0abcbc7f874600c24062;Path=/;HttpOnly;Secure;Domain=sentiment-api-at2025.scm.azurewebsites.net; ARRAffinitySameSite=3dffe12b626d0727fde120b934eb00f6b88cedb4be5e0abcbc7f874600c24062;Path=/;HttpOnly;SameSite=None;Secure;Domain=sentiment-api-at2025.scm.azurewebsites.net" Content-Length="0" X-ARR-LOG-ID="e2dc01f5-048b-4810-9909-61d75cd662f2" CLIENT-IP="57.151.129.56:35922" X-SITE-DEPLOYMENT-ID="sentiment-api-at2025" WAS-DEFAULT-HOSTNAME="sentiment-api-at2025.scm.azurewebsites.net" X-Forwarded-Proto="https" X-AppService-Proto="https" X-Forwarded-TlsVersion="1.3" X-WAWS-Unencoded-URL="/api/deployments/latest?deployer=OneDeploy&amp;time=2025-10-16_19-56-25Z" X-Client-IP="57.151.129.56" X-Client-Port="35922" >
  <step title="Cleanup Xml Logs" date="2025-10-16T20:00:43.831" >
    <step title="Cleanup Infos" date="2025-10-16T20:00:43.843" totalFiles="473" totalCleanup="313" /><!-- duration: 4ms -->
  </step><!-- duration: 18ms -->
  <step title="DeploymentService.GetResult" date="2025-10-16T20:00:43.853" >
    <step title="DeploymentService.GetLatestDeployment" date="2025-10-16T20:00:43.856" >
      <step title="DeploymentManager.GetResults" date="2025-10-16T20:00:43.858" /><!-- duration: 520ms -->
    </step><!-- duration: 527ms -->
  </step><!-- duration: 531ms -->
  <step title="Outgoing response" date="2025-10-16T20:00:44.387" type="response" statusCode="202" statusText="Accepted" /><!-- duration: 3ms -->
</step><!-- duration: 565ms -->
