<step title="BackgroundTrace" date="2025-10-16T17:26:42.780" instance="3dffe1" url="/api/publish" method="POST" >
  <step title="Creating temporary deployment - FetchDeploymentManager" date="2025-10-16T17:26:42.817" /><!-- duration: 2ms -->
  <step title="Creating temporary deployment" date="2025-10-16T17:26:42.822" /><!-- duration: 101ms -->
  <step title="Performing fetch based deployment" date="2025-10-16T17:26:42.969" >
    <step title="Cleaning up temp folders from previous zip deployments and extracting pushed zip file /tmp/zipdeploy/2d371314-ea86-46a2-958e-4b166f2e01d0.zip (18.63 MB) to /tmp/zipdeploy/extracted" date="2025-10-16T17:26:44.141" >
      <step title="ChmodRecursive Process exited with total time taken in ms: 112" date="2025-10-16T17:26:44.474" /><!-- duration: 6ms -->
    </step><!-- duration: 344ms -->
    <step title="Deployment timer started" date="2025-10-16T17:26:46.495" >
      <step title="DeploymentManager.Deploy(id:687db2db-779d-496f-851f-05572e90f7e0)" date="2025-10-16T17:26:46.501" >
        <step title="Collecting changeset information" date="2025-10-16T17:26:46.515" /><!-- duration: 96ms -->
        <step title="Updating submodules" date="2025-10-16T17:26:46.617" /><!-- duration: 1135ms -->
        <step title="Determining deployment builder" date="2025-10-16T17:26:47.982" >
          <step title="Builder is OneDeployBuilder" date="2025-10-16T17:26:47.994" /><!-- duration: 3ms -->
        </step><!-- duration: 18ms -->
        <step title="PreDeployment: context.CleanOutputPath False" date="2025-10-16T17:26:48.044" >
          <step title="PreDeployment: context.OutputPath /home/site/wwwroot" date="2025-10-16T17:26:48.159" >
            <step title="Building" date="2025-10-16T17:26:48.338" >
              <step title="Executing external process" date="2025-10-16T17:26:48.732" type="process" path="starter.sh" arguments="/opt/Kudu/Scripts/parallel_rsync.sh /tmp/zipdeploy/extracted /home/site/wwwroot 8 /tmp/ False False  " /><!-- duration: 2120ms -->
              <step title="Modified file to trigger a restart of the app container." date="2025-10-16T17:26:51.335" /><!-- duration: 5ms -->
              <step title="Skip function trigger and logicapp sync because function is not enabled." date="2025-10-16T17:26:51.344" /><!-- duration: 2ms -->
            </step><!-- duration: 3674ms -->
          </step><!-- duration: 3859ms -->
          <step title="Cleaning up temp files" date="2025-10-16T17:26:52.021" /><!-- duration: 5ms -->
          <step title="Cleaning up temp files" date="2025-10-16T17:26:52.029" /><!-- duration: 504ms -->
          <step title="Reloading status file with latest updates" date="2025-10-16T17:26:52.579" >
            <step title="WebHooksManager.PublishEventAsync: PostDeployment" date="2025-10-16T17:26:52.582" /><!-- duration: 32ms -->
          </step><!-- duration: 38ms -->
          <step title="Cleaning up temporary deployment - fetch deployment was successful" date="2025-10-16T17:26:52.623" /><!-- duration: 2ms -->
        </step><!-- duration: 4669ms -->
      </step><!-- duration: 6222ms -->
