<step title="Incoming Request" date="2025-10-16T19:27:27.588" instance="3dffe1" url="/api/deployments/latest?deployer=OneDeploy&amp;time=2025-10-16_19-26-22Z" method="GET" type="request" pid="768,1,46" Host="sentiment-api-at2025.scm.azurewebsites.net" User-Agent="GITHUBACTIONS_DeployWebAppToAzure_166d80897058adf60a83b4621feef8c0848d3a717d55b28c45048fb29c44ee7b" Authorization="Bea..." Content-Type="application/json; charset=utf-8" Cookie="ARRAffinity=3dffe12b626d0727fde120b934eb00f6b88cedb4be5e0abcbc7f874600c24062;Path=/;HttpOnly;Secure;Domain=sentiment-api-at2025.scm.azurewebsites.net; ARRAffinitySameSite=3dffe12b626d0727fde120b934eb00f6b88cedb4be5e0abcbc7f874600c24062;Path=/;HttpOnly;SameSite=None;Secure;Domain=sentiment-api-at2025.scm.azurewebsites.net" Content-Length="0" X-ARR-LOG-ID="cea5df3f-d141-42f8-b54e-49cae2961678" CLIENT-IP="64.236.177.96:64448" X-SITE-DEPLOYMENT-ID="sentiment-api-at2025" WAS-DEFAULT-HOSTNAME="sentiment-api-at2025.scm.azurewebsites.net" X-Forwarded-Proto="https" X-AppService-Proto="https" X-Forwarded-TlsVersion="1.3" X-WAWS-Unencoded-URL="/api/deployments/latest?deployer=OneDeploy&amp;time=2025-10-16_19-26-22Z" X-Client-IP="64.236.177.96" X-Client-Port="64448" >
  <step title="Cleanup Xml Logs" date="2025-10-16T19:27:27.597" >
    <step title="Cleanup Infos" date="2025-10-16T19:27:28.177" totalFiles="373" totalCleanup="213" /><!-- duration: 41ms -->
  </step><!-- duration: 626ms -->
  <step title="DeploymentService.GetResult" date="2025-10-16T19:27:28.230" >
    <step title="DeploymentService.GetLatestDeployment" date="2025-10-16T19:27:28.234" >
      <step title="DeploymentManager.GetResults" date="2025-10-16T19:27:28.288" /><!-- duration: 4196ms -->
    </step><!-- duration: 4255ms -->
  </step><!-- duration: 4261ms -->
  <step title="Outgoing response" date="2025-10-16T19:27:32.497" type="response" statusCode="202" statusText="Accepted" /><!-- duration: 3ms -->
</step><!-- duration: 4915ms -->
