<step title="Incoming Request" date="2025-10-16T19:05:17.282" instance="3dffe1" url="/api/deployments/latest?deployer=OneDeploy&amp;time=2025-10-16_19-03-18Z" method="GET" type="request" pid="768,1,39" Host="sentiment-api-at2025.scm.azurewebsites.net" User-Agent="GITHUBACTIONS_DeployWebAppToAzure_166d80897058adf60a83b4621feef8c0848d3a717d55b28c45048fb29c44ee7b" Authorization="Bea..." Content-Type="application/json; charset=utf-8" Cookie="ARRAffinity=3dffe12b626d0727fde120b934eb00f6b88cedb4be5e0abcbc7f874600c24062;Path=/;HttpOnly;Secure;Domain=sentiment-api-at2025.scm.azurewebsites.net; ARRAffinitySameSite=3dffe12b626d0727fde120b934eb00f6b88cedb4be5e0abcbc7f874600c24062;Path=/;HttpOnly;SameSite=None;Secure;Domain=sentiment-api-at2025.scm.azurewebsites.net" Content-Length="0" X-ARR-LOG-ID="69f7e51f-02ef-41ac-a1ed-c7398b660f1f" CLIENT-IP="20.81.159.7:6144" X-SITE-DEPLOYMENT-ID="sentiment-api-at2025" WAS-DEFAULT-HOSTNAME="sentiment-api-at2025.scm.azurewebsites.net" X-Forwarded-Proto="https" X-AppService-Proto="https" X-Forwarded-TlsVersion="1.3" X-WAWS-Unencoded-URL="/api/deployments/latest?deployer=OneDeploy&amp;time=2025-10-16_19-03-18Z" X-Client-IP="20.81.159.7" X-Client-Port="6144" >
  <step title="Cleanup Xml Logs" date="2025-10-16T19:05:17.285" >
    <step title="Cleanup Infos" date="2025-10-16T19:05:17.293" totalFiles="316" totalCleanup="156" /><!-- duration: 3ms -->
  </step><!-- duration: 14ms -->
  <step title="DeploymentService.GetResult" date="2025-10-16T19:05:17.306" >
    <step title="DeploymentService.GetLatestDeployment" date="2025-10-16T19:05:17.309" >
      <step title="DeploymentManager.GetResults" date="2025-10-16T19:05:17.313" /><!-- duration: 477ms -->
    </step><!-- duration: 501ms -->
  </step><!-- duration: 508ms -->
  <step title="Outgoing response" date="2025-10-16T19:05:17.817" type="response" statusCode="202" statusText="Accepted" /><!-- duration: 3ms -->
</step><!-- duration: 540ms -->
