<step title="Incoming Request" date="2025-10-16T19:03:16.301" instance="3dffe1" url="/api/publish?async=true&amp;deployer=GITHUB_ONE_DEPLOY&amp;type=zip&amp;message=%7B%22type%22%3A%22deployment%22%2C%22sha%22%3A%22503dbae9c16a9ed749f55b35312e9ac63fb3df64%22%2C%22repoName%22%3A%22theven1anthony%2Fsentiment_analysis%22%2C%22actor%22%3A%22theven1anthony%22%2C%22slotName%22%3A%22production%22%2C%22commitMessage%22%3A%22Ajout%20logs%20Docker%20dans%20health%20check%20pour%20debug%22%7D" method="POST" type="request" pid="768,1,28" Host="sentiment-api-at2025.scm.azurewebsites.net" User-Agent="GITHUBACTIONS_DeployWebAppToAzure_166d80897058adf60a83b4621feef8c0848d3a717d55b28c45048fb29c44ee7b" Authorization="Bea..." Content-Type="application/octet-stream" Cookie="ARRAffinity=3dffe12b626d0727fde120b934eb00f6b88cedb4be5e0abcbc7f874600c24062;Path=/;HttpOnly;Secure;Domain=sentiment-api-at2025.scm.azurewebsites.net; ARRAffinitySameSite=3dffe12b626d0727fde120b934eb00f6b88cedb4be5e0abcbc7f874600c24062;Path=/;HttpOnly;SameSite=None;Secure;Domain=sentiment-api-at2025.scm.azurewebsites.net" Transfer-Encoding="chunked" X-ARR-LOG-ID="95100e21-4868-4cb5-afdd-ab26962825e9" CLIENT-IP="20.81.159.7:6144" X-SITE-DEPLOYMENT-ID="sentiment-api-at2025" WAS-DEFAULT-HOSTNAME="sentiment-api-at2025.scm.azurewebsites.net" X-Forwarded-Proto="https" X-AppService-Proto="https" X-Forwarded-TlsVersion="1.3" X-WAWS-Unencoded-URL="/api/publish?async=true&amp;deployer=GITHUB_ONE_DEPLOY&amp;type=zip&amp;message=%7B%22type%22%3A%22deployment%22%2C%22sha%22%3A%22503dbae9c16a9ed749f55b35312e9ac63fb3df64%22%2C%22repoName%22%3A%22theven1anthony%2Fsentiment_analysis%22%2C%22actor%22%3A%22theven1anthony%22%2C%22slotName%22%3A%22production%22%2C%22commitMessage%22%3A%22Ajout%20logs%20Docker%20dans%20health%20check%20pour%20debug%22%7D" X-Client-IP="20.81.159.7" X-Client-Port="6144" >
  <step title="OneDeploy" date="2025-10-16T19:03:16.457" >
    <step title="Starting PushDeployAsync" date="2025-10-16T19:03:16.496" /><!-- duration: 6ms -->
    <step title="Writing artifact to /tmp/zipdeploy/fff28889-9e4a-4fec-8cc3-9e949d8af957.zip" date="2025-10-16T19:03:16.516" >
      <step title="Writing multipart request body to /tmp/zipdeploy/fff28889-9e4a-4fec-8cc3-9e949d8af957.zip" date="2025-10-16T19:03:16.521" /><!-- duration: 14ms -->
    </step><!-- duration: 821ms -->
    <step title="Removing previous build artifact&apos;s manifest file" date="2025-10-16T19:03:17.350" >
      <step title="Start deployment in the background" date="2025-10-16T19:03:17.366" >
        <step title="Acquiring Deployment Lock" date="2025-10-16T19:03:17.398" /><!-- duration: 4ms -->
        <step title="Acquired Deployment Lock" date="2025-10-16T19:03:17.517" /><!-- duration: 1121ms -->
      </step><!-- duration: 1387ms -->
    </step><!-- duration: 1426ms -->
    <step title="Outgoing response" date="2025-10-16T19:03:18.783" type="response" statusCode="202" statusText="Accepted" /><!-- duration: 5ms -->
  </step><!-- duration: 2334ms -->
