<step title="Incoming Request" date="2025-10-16T18:35:13.753" instance="3dffe1" url="/api/deployments/latest?deployer=OneDeploy&amp;time=2025-10-16_18-31-24Z" method="GET" type="request" pid="768,1,40" Host="sentiment-api-at2025.scm.azurewebsites.net" User-Agent="GITHUBACTIONS_DeployWebAppToAzure_166d80897058adf60a83b4621feef8c0848d3a717d55b28c45048fb29c44ee7b" Authorization="Bea..." Content-Type="application/json; charset=utf-8" Cookie="ARRAffinity=3dffe12b626d0727fde120b934eb00f6b88cedb4be5e0abcbc7f874600c24062;Path=/;HttpOnly;Secure;Domain=sentiment-api-at2025.scm.azurewebsites.net; ARRAffinitySameSite=3dffe12b626d0727fde120b934eb00f6b88cedb4be5e0abcbc7f874600c24062;Path=/;HttpOnly;SameSite=None;Secure;Domain=sentiment-api-at2025.scm.azurewebsites.net" Content-Length="0" X-ARR-LOG-ID="08da95bb-ccb2-46c4-a3ec-9b63dcbbec81" CLIENT-IP="68.220.59.50:54274" X-SITE-DEPLOYMENT-ID="sentiment-api-at2025" WAS-DEFAULT-HOSTNAME="sentiment-api-at2025.scm.azurewebsites.net" X-Forwarded-Proto="https" X-AppService-Proto="https" X-Forwarded-TlsVersion="1.3" X-WAWS-Unencoded-URL="/api/deployments/latest?deployer=OneDeploy&amp;time=2025-10-16_18-31-24Z" X-Client-IP="68.220.59.50" X-Client-Port="54274" >
  <step title="Cleanup Xml Logs" date="2025-10-16T18:35:13.755" >
    <step title="Cleanup Infos" date="2025-10-16T18:35:13.762" totalFiles="204" totalCleanup="44" /><!-- duration: 7ms -->
  </step><!-- duration: 16ms -->
  <step title="DeploymentService.GetResult" date="2025-10-16T18:35:13.776" >
    <step title="DeploymentService.GetLatestDeployment" date="2025-10-16T18:35:13.781" >
      <step title="DeploymentManager.GetResults" date="2025-10-16T18:35:13.784" /><!-- duration: 343ms -->
    </step><!-- duration: 348ms -->
  </step><!-- duration: 356ms -->
  <step title="Outgoing response" date="2025-10-16T18:35:14.137" type="response" statusCode="202" statusText="Accepted" /><!-- duration: 5ms -->
</step><!-- duration: 392ms -->
