<step title="BackgroundTrace" date="2025-10-16T18:11:39.213" instance="3dffe1" url="/api/publish" method="POST" >
  <step title="Cleanup Xml Logs" date="2025-10-16T18:11:39.224" /><!-- duration: 785ms -->
  <step title="Creating temporary deployment - FetchDeploymentManager" date="2025-10-16T18:11:40.270" /><!-- duration: 4ms -->
  <step title="Creating temporary deployment" date="2025-10-16T18:11:40.279" /><!-- duration: 120ms -->
  <step title="Performing fetch based deployment" date="2025-10-16T18:11:40.467" >
    <step title="Cleaning up temp folders from previous zip deployments and extracting pushed zip file /tmp/zipdeploy/34cb21ab-608d-480f-adb9-3808aa75299f.zip (18.63 MB) to /tmp/zipdeploy/extracted" date="2025-10-16T18:11:41.673" >
      <step title="ChmodRecursive Process exited with total time taken in ms: 178" date="2025-10-16T18:11:42.069" /><!-- duration: 5ms -->
    </step><!-- duration: 409ms -->
    <step title="Deployment timer started" date="2025-10-16T18:11:44.096" >
      <step title="DeploymentManager.Deploy(id:2922d1b5-14d5-4d62-b84a-5eb275fc6041)" date="2025-10-16T18:11:44.100" >
        <step title="Collecting changeset information" date="2025-10-16T18:11:44.113" /><!-- duration: 86ms -->
        <step title="Updating submodules" date="2025-10-16T18:11:44.204" /><!-- duration: 1173ms -->
        <step title="Determining deployment builder" date="2025-10-16T18:11:45.630" >
          <step title="Builder is OryxBuilder" date="2025-10-16T18:11:45.642" /><!-- duration: 2ms -->
        </step><!-- duration: 17ms -->
        <step title="PreDeployment: context.CleanOutputPath False" date="2025-10-16T18:11:45.707" >
          <step title="PreDeployment: context.OutputPath /home/site/wwwroot" date="2025-10-16T18:11:45.870" >
            <step title="Building" date="2025-10-16T18:11:46.065" >
              <step title="Executing external process" date="2025-10-16T18:11:46.411" type="process" path="bash" arguments="-c &quot;oryx build /tmp/zipdeploy/extracted -o /home/site/wwwroot --platform python --platform-version 3.12 -p virtualenv_name=antenv --log-file /tmp/build-debug.log  -i /tmp/8de0cdf77926bf2 --compress-destination-dir | tee /tmp/oryx-build.log ; exit $PIPESTATUS &quot;" >
                <step title="Cpu: python(1750,26.150s)+ts(1751,0.070s)+build.sh(1749,0.000s)+build.sh(1748,0.000s)+build.sh(1672,0.020s)+oryx(1651,3.950s)+tee(1652,0.000s)+bash(1650,0.000s)=total(30.190s)" date="2025-10-16T18:12:56.635" /><!-- duration: 3ms -->
                <step title="bash: no io activity for 60s, prev-cpu=-1.000s, current-cpu=30.190s" date="2025-10-16T18:12:56.650" /><!-- duration: 4ms -->
                <step title="Cpu: gzip(1830,44.620s)+sh(1829,0.000s)+tar(1828,4.310s)+build.sh(1672,0.030s)+oryx(1651,4.140s)+tee(1652,0.000s)+bash(1650,0.000s)=total(53.090s)" date="2025-10-16T18:15:31.723" /><!-- duration: 17ms -->
                <step title="bash: no io activity for 61s, prev-cpu=-1.000s, current-cpu=53.090s" date="2025-10-16T18:15:31.755" /><!-- duration: 18ms -->
              </step><!-- duration: 259284ms -->
              <step title="Using PythonDeploymentLogParser" date="2025-10-16T18:16:06.065" /><!-- duration: 4ms -->
              <step title="Modified file to trigger a restart of the app container." date="2025-10-16T18:16:07.852" /><!-- duration: 4ms -->
              <step title="Skip function trigger and logicapp sync because function is not enabled." date="2025-10-16T18:16:07.867" /><!-- duration: 3ms -->
            </step><!-- duration: 262598ms -->
          </step><!-- duration: 262797ms -->
          <step title="Cleaning up temp files" date="2025-10-16T18:16:08.670" /><!-- duration: 4768ms -->
          <step title="Cleaning up temp files" date="2025-10-16T18:16:13.441" /><!-- duration: 510ms -->
          <step title="Reloading status file with latest updates" date="2025-10-16T18:16:13.985" >
            <step title="WebHooksManager.PublishEventAsync: PostDeployment" date="2025-10-16T18:16:13.987" /><!-- duration: 44ms -->
          </step><!-- duration: 49ms -->
          <step title="Cleaning up temporary deployment - fetch deployment was successful" date="2025-10-16T18:16:14.045" /><!-- duration: 3ms -->
        </step><!-- duration: 268407ms -->
      </step><!-- duration: 270037ms -->
