<step title="Incoming Request" date="2025-10-16T18:34:46.767" instance="3dffe1" url="/api/deployments/latest?deployer=OneDeploy&amp;time=2025-10-16_18-31-24Z" method="GET" type="request" pid="768,1,5" Host="sentiment-api-at2025.scm.azurewebsites.net" User-Agent="GITHUBACTIONS_DeployWebAppToAzure_166d80897058adf60a83b4621feef8c0848d3a717d55b28c45048fb29c44ee7b" Authorization="Bea..." Content-Type="application/json; charset=utf-8" Cookie="ARRAffinity=3dffe12b626d0727fde120b934eb00f6b88cedb4be5e0abcbc7f874600c24062;Path=/;HttpOnly;Secure;Domain=sentiment-api-at2025.scm.azurewebsites.net; ARRAffinitySameSite=3dffe12b626d0727fde120b934eb00f6b88cedb4be5e0abcbc7f874600c24062;Path=/;HttpOnly;SameSite=None;Secure;Domain=sentiment-api-at2025.scm.azurewebsites.net" Content-Length="0" X-ARR-LOG-ID="d845ae8f-0863-416a-80c8-079c87490df4" CLIENT-IP="68.220.59.50:54274" X-SITE-DEPLOYMENT-ID="sentiment-api-at2025" WAS-DEFAULT-HOSTNAME="sentiment-api-at2025.scm.azurewebsites.net" X-Forwarded-Proto="https" X-AppService-Proto="https" X-Forwarded-TlsVersion="1.3" X-WAWS-Unencoded-URL="/api/deployments/latest?deployer=OneDeploy&amp;time=2025-10-16_18-31-24Z" X-Client-IP="68.220.59.50" X-Client-Port="54274" >
  <step title="Cleanup Xml Logs" date="2025-10-16T18:34:46.769" >
    <step title="Cleanup Infos" date="2025-10-16T18:34:46.777" totalFiles="200" totalCleanup="40" /><!-- duration: 279ms -->
  </step><!-- duration: 309ms -->
  <step title="DeploymentService.GetResult" date="2025-10-16T18:34:47.084" >
    <step title="DeploymentService.GetLatestDeployment" date="2025-10-16T18:34:47.086" >
      <step title="DeploymentManager.GetResults" date="2025-10-16T18:34:47.089" /><!-- duration: 385ms -->
    </step><!-- duration: 391ms -->
  </step><!-- duration: 400ms -->
  <step title="Outgoing response" date="2025-10-16T18:34:47.491" type="response" statusCode="202" statusText="Accepted" /><!-- duration: 6ms -->
</step><!-- duration: 733ms -->
