<step title="Incoming Request" date="2025-10-16T19:06:04.722" instance="3dffe1" url="/api/deployments/latest?deployer=OneDeploy&amp;time=2025-10-16_19-03-18Z" method="GET" type="request" pid="768,1,39" Host="sentiment-api-at2025.scm.azurewebsites.net" User-Agent="GITHUBACTIONS_DeployWebAppToAzure_166d80897058adf60a83b4621feef8c0848d3a717d55b28c45048fb29c44ee7b" Authorization="Bea..." Content-Type="application/json; charset=utf-8" Cookie="ARRAffinity=3dffe12b626d0727fde120b934eb00f6b88cedb4be5e0abcbc7f874600c24062;Path=/;HttpOnly;Secure;Domain=sentiment-api-at2025.scm.azurewebsites.net; ARRAffinitySameSite=3dffe12b626d0727fde120b934eb00f6b88cedb4be5e0abcbc7f874600c24062;Path=/;HttpOnly;SameSite=None;Secure;Domain=sentiment-api-at2025.scm.azurewebsites.net" Content-Length="0" X-ARR-LOG-ID="d1c73b53-830e-4191-bdfb-19c548a822d0" CLIENT-IP="20.81.159.7:6144" X-SITE-DEPLOYMENT-ID="sentiment-api-at2025" WAS-DEFAULT-HOSTNAME="sentiment-api-at2025.scm.azurewebsites.net" X-Forwarded-Proto="https" X-AppService-Proto="https" X-Forwarded-TlsVersion="1.3" X-WAWS-Unencoded-URL="/api/deployments/latest?deployer=OneDeploy&amp;time=2025-10-16_19-03-18Z" X-Client-IP="20.81.159.7" X-Client-Port="6144" >
  <step title="Cleanup Xml Logs" date="2025-10-16T19:06:04.725" >
    <step title="Cleanup Infos" date="2025-10-16T19:06:04.742" totalFiles="324" totalCleanup="164" /><!-- duration: 7ms -->
  </step><!-- duration: 35ms -->
  <step title="DeploymentService.GetResult" date="2025-10-16T19:06:04.766" >
    <step title="DeploymentService.GetLatestDeployment" date="2025-10-16T19:06:04.768" >
      <step title="DeploymentManager.GetResults" date="2025-10-16T19:06:04.771" /><!-- duration: 473ms -->
    </step><!-- duration: 479ms -->
  </step><!-- duration: 484ms -->
  <step title="Outgoing response" date="2025-10-16T19:06:05.254" type="response" statusCode="202" statusText="Accepted" /><!-- duration: 4ms -->
</step><!-- duration: 538ms -->
