<step title="Incoming Request" date="2025-10-16T19:27:07.111" instance="3dffe1" url="/api/deployments/latest?deployer=OneDeploy&amp;time=2025-10-16_19-26-22Z" method="GET" type="request" pid="768,1,44" Host="sentiment-api-at2025.scm.azurewebsites.net" User-Agent="GITHUBACTIONS_DeployWebAppToAzure_166d80897058adf60a83b4621feef8c0848d3a717d55b28c45048fb29c44ee7b" Authorization="Bea..." Content-Type="application/json; charset=utf-8" Cookie="ARRAffinity=3dffe12b626d0727fde120b934eb00f6b88cedb4be5e0abcbc7f874600c24062;Path=/;HttpOnly;Secure;Domain=sentiment-api-at2025.scm.azurewebsites.net; ARRAffinitySameSite=3dffe12b626d0727fde120b934eb00f6b88cedb4be5e0abcbc7f874600c24062;Path=/;HttpOnly;SameSite=None;Secure;Domain=sentiment-api-at2025.scm.azurewebsites.net" Content-Length="0" X-ARR-LOG-ID="1f8efdb8-67a9-4e34-a928-f795fae9975a" CLIENT-IP="64.236.177.96:64450" X-SITE-DEPLOYMENT-ID="sentiment-api-at2025" WAS-DEFAULT-HOSTNAME="sentiment-api-at2025.scm.azurewebsites.net" X-Forwarded-Proto="https" X-AppService-Proto="https" X-Forwarded-TlsVersion="1.3" X-WAWS-Unencoded-URL="/api/deployments/latest?deployer=OneDeploy&amp;time=2025-10-16_19-26-22Z" X-Client-IP="64.236.177.96" X-Client-Port="64450" >
  <step title="Cleanup Xml Logs" date="2025-10-16T19:27:07.113" >
    <step title="Cleanup Infos" date="2025-10-16T19:27:07.139" totalFiles="370" totalCleanup="210" /><!-- duration: 4ms -->
  </step><!-- duration: 33ms -->
  <step title="DeploymentService.GetResult" date="2025-10-16T19:27:07.153" >
    <step title="DeploymentService.GetLatestDeployment" date="2025-10-16T19:27:07.156" >
      <step title="DeploymentManager.GetResults" date="2025-10-16T19:27:07.162" /><!-- duration: 561ms -->
    </step><!-- duration: 570ms -->
  </step><!-- duration: 579ms -->
  <step title="Outgoing response" date="2025-10-16T19:27:07.735" type="response" statusCode="202" statusText="Accepted" /><!-- duration: 4ms -->
</step><!-- duration: 631ms -->
