<step title="BackgroundTrace" date="2025-10-16T18:31:24.346" instance="3dffe1" url="/api/publish" method="POST" >
  <step title="Cleanup Xml Logs" date="2025-10-16T18:31:24.350" /><!-- duration: 10ms -->
  <step title="Creating temporary deployment - FetchDeploymentManager" date="2025-10-16T18:31:24.441" /><!-- duration: 3ms -->
  <step title="Creating temporary deployment" date="2025-10-16T18:31:24.447" /><!-- duration: 158ms -->
  <step title="Performing fetch based deployment" date="2025-10-16T18:31:24.668" >
    <step title="Cleaning up temp folders from previous zip deployments and extracting pushed zip file /tmp/zipdeploy/914d331d-1b1d-4bab-b987-7784b70885b4.zip (18.63 MB) to /tmp/zipdeploy/extracted" date="2025-10-16T18:31:25.918" >
      <step title="ChmodRecursive Process exited with total time taken in ms: 189" date="2025-10-16T18:31:26.484" /><!-- duration: 6ms -->
    </step><!-- duration: 577ms -->
    <step title="Deployment timer started" date="2025-10-16T18:31:28.511" >
      <step title="DeploymentManager.Deploy(id:534d43ca-c25a-4d74-ba7d-2140751b5dc3)" date="2025-10-16T18:31:28.516" >
        <step title="Collecting changeset information" date="2025-10-16T18:31:28.531" /><!-- duration: 243ms -->
        <step title="Updating submodules" date="2025-10-16T18:31:28.777" /><!-- duration: 1119ms -->
        <step title="Determining deployment builder" date="2025-10-16T18:31:30.423" >
          <step title="Builder is OryxBuilder" date="2025-10-16T18:31:30.432" /><!-- duration: 3ms -->
        </step><!-- duration: 16ms -->
        <step title="PreDeployment: context.CleanOutputPath False" date="2025-10-16T18:31:30.497" >
          <step title="PreDeployment: context.OutputPath /home/site/wwwroot" date="2025-10-16T18:31:30.624" >
            <step title="Building" date="2025-10-16T18:31:30.825" >
              <step title="Executing external process" date="2025-10-16T18:31:31.158" type="process" path="bash" arguments="-c &quot;oryx build /tmp/zipdeploy/extracted -o /home/site/wwwroot --platform python --platform-version 3.12 -p virtualenv_name=antenv --log-file /tmp/build-debug.log  -i /tmp/8de0ce239c38104 --compress-destination-dir | tee /tmp/oryx-build.log ; exit $PIPESTATUS &quot;" >
                <step title="Error occurred" date="2025-10-16T18:32:39.298" type="error" text="GetParentProcessLinux (2383) failed.: Could not find a part of the path &apos;/proc/2383/stat&apos;." stackTrace="   at Interop.ThrowExceptionForIoErrno(ErrorInfo errorInfo, String path, Boolean isDirError)
   at Microsoft.Win32.SafeHandles.SafeFileHandle.Open(String fullPath, FileMode mode, FileAccess access, FileShare share, FileOptions options, Int64 preallocationSize, UnixFileMode openPermissions, Int64&amp; fileLength, UnixFileMode&amp; filePermissions, Boolean failForSymlink, Boolean&amp; wasSymlink, Func`4 createOpenException)
   at System.IO.Strategies.OSFileStreamStrategy..ctor(String path, FileMode mode, FileAccess access, FileShare share, FileOptions options, Int64 preallocationSize, Nullable`1 unixCreateMode)
   at Kudu.Core.Infrastructure.ProcessExtensions.GetParentProcessLinux(Process process, ITracer tracer) in /tmp/KuduLite/Kudu.Core/Infrastructure/ProcessExtensions.cs:line 153" /><!-- duration: 9ms -->
                <step title="Cpu: python(2350,26.880s)+ts(2351,0.140s)+build.sh(2349,0.000s)+build.sh(2348,0.000s)+build.sh(2272,0.030s)+oryx(2252,1.690s)+tee(2253,0.000s)+bash(2251,0.000s)=total(28.440s)" date="2025-10-16T18:32:39.784" /><!-- duration: 6ms -->
                <step title="bash: no io activity for 61s, prev-cpu=-1.000s, current-cpu=28.440s" date="2025-10-16T18:32:39.796" /><!-- duration: 5ms -->
                <step title="Cpu: python(2350,70.210s)+ts(2351,0.140s)+build.sh(2349,0.000s)+build.sh(2348,0.000s)+build.sh(2272,0.030s)+oryx(2252,1.750s)+tee(2253,0.000s)+bash(2251,0.000s)=total(72.120s)" date="2025-10-16T18:33:39.871" /><!-- duration: 10ms -->
                <step title="bash: no io activity for 122s, prev-cpu=28.440s, current-cpu=72.120s" date="2025-10-16T18:33:39.889" /><!-- duration: 4ms -->
                <step title="Cpu: rsync(2426,9.250s)+rsync(2425,1.070s)+rsync(2424,7.180s)+build.sh(2272,0.040s)+oryx(2252,1.920s)+tee(2253,0.000s)+bash(2251,0.000s)=total(19.460s)" date="2025-10-16T18:35:04.956" /><!-- duration: 4ms -->
                <step title="bash: no io activity for 60s, prev-cpu=-1.000s, current-cpu=19.460s" date="2025-10-16T18:35:04.964" /><!-- duration: 5ms -->
                <step title="Cpu: gzip(2461,43.160s)+sh(2460,0.000s)+tar(2459,4.640s)+build.sh(2272,0.040s)+oryx(2252,1.950s)+tee(2253,0.000s)+bash(2251,0.000s)=total(49.790s)" date="2025-10-16T18:36:25.111" /><!-- duration: 7ms -->
                <step title="bash: no io activity for 61s, prev-cpu=-1.000s, current-cpu=49.790s" date="2025-10-16T18:36:25.121" /><!-- duration: 7ms -->
                <step title="Cpu: gzip(2461,90.100s)+sh(2460,0.000s)+tar(2459,7.500s)+build.sh(2272,0.040s)+oryx(2252,1.970s)+tee(2253,0.000s)+bash(2251,0.000s)=total(99.610s)" date="2025-10-16T18:37:25.354" /><!-- duration: 19ms -->
                <step title="bash: no io activity for 121s, prev-cpu=49.790s, current-cpu=99.610s" date="2025-10-16T18:37:25.382" /><!-- duration: 7ms -->
              </step><!-- duration: 371380ms -->
              <step title="Using PythonDeploymentLogParser" date="2025-10-16T18:37:42.952" /><!-- duration: 3ms -->
              <step title="Modified file to trigger a restart of the app container." date="2025-10-16T18:37:44.168" /><!-- duration: 4ms -->
              <step title="Skip function trigger and logicapp sync because function is not enabled." date="2025-10-16T18:37:44.180" /><!-- duration: 2ms -->
            </step><!-- duration: 374219ms -->
          </step><!-- duration: 374424ms -->
          <step title="Cleaning up temp files" date="2025-10-16T18:37:45.052" /><!-- duration: 5536ms -->
          <step title="Cleaning up temp files" date="2025-10-16T18:37:50.594" /><!-- duration: 513ms -->
          <step title="Reloading status file with latest updates" date="2025-10-16T18:37:51.142" >
            <step title="WebHooksManager.PublishEventAsync: PostDeployment" date="2025-10-16T18:37:51.145" /><!-- duration: 144ms -->
          </step><!-- duration: 151ms -->
          <step title="Cleaning up temporary deployment - fetch deployment was successful" date="2025-10-16T18:37:51.347" /><!-- duration: 3ms -->
        </step><!-- duration: 380949ms -->
      </step><!-- duration: 382952ms -->
