<step title="Incoming Request" date="2025-10-16T19:29:27.197" instance="3dffe1" url="/api/deployments/latest?deployer=OneDeploy&amp;time=2025-10-16_19-26-22Z" method="GET" type="request" pid="768,1,33" Host="sentiment-api-at2025.scm.azurewebsites.net" User-Agent="GITHUBACTIONS_DeployWebAppToAzure_166d80897058adf60a83b4621feef8c0848d3a717d55b28c45048fb29c44ee7b" Authorization="Bea..." Content-Type="application/json; charset=utf-8" Cookie="ARRAffinity=3dffe12b626d0727fde120b934eb00f6b88cedb4be5e0abcbc7f874600c24062;Path=/;HttpOnly;Secure;Domain=sentiment-api-at2025.scm.azurewebsites.net; ARRAffinitySameSite=3dffe12b626d0727fde120b934eb00f6b88cedb4be5e0abcbc7f874600c24062;Path=/;HttpOnly;SameSite=None;Secure;Domain=sentiment-api-at2025.scm.azurewebsites.net" Content-Length="0" X-ARR-LOG-ID="1806a200-203c-47c3-94b5-8b4eb44bf21d" CLIENT-IP="64.236.177.96:64450" X-SITE-DEPLOYMENT-ID="sentiment-api-at2025" WAS-DEFAULT-HOSTNAME="sentiment-api-at2025.scm.azurewebsites.net" X-Forwarded-Proto="https" X-AppService-Proto="https" X-Forwarded-TlsVersion="1.3" X-WAWS-Unencoded-URL="/api/deployments/latest?deployer=OneDeploy&amp;time=2025-10-16_19-26-22Z" X-Client-IP="64.236.177.96" X-Client-Port="64450" >
  <step title="Cleanup Xml Logs" date="2025-10-16T19:29:27.216" >
    <step title="Cleanup Infos" date="2025-10-16T19:29:27.228" totalFiles="392" totalCleanup="232" /><!-- duration: 5ms -->
  </step><!-- duration: 28ms -->
  <step title="DeploymentService.GetResult" date="2025-10-16T19:29:27.254" >
    <step title="DeploymentService.GetLatestDeployment" date="2025-10-16T19:29:27.256" >
      <step title="DeploymentManager.GetResults" date="2025-10-16T19:29:27.263" /><!-- duration: 471ms -->
    </step><!-- duration: 484ms -->
  </step><!-- duration: 489ms -->
  <step title="Outgoing response" date="2025-10-16T19:29:27.778" type="response" statusCode="202" statusText="Accepted" /><!-- duration: 4ms -->
</step><!-- duration: 588ms -->
