<step title="Incoming Request" date="2025-10-16T19:32:37.752" instance="3dffe1" url="/api/deployments/latest?deployer=OneDeploy&amp;time=2025-10-16_19-26-22Z" method="GET" type="request" pid="768,1,37" Host="sentiment-api-at2025.scm.azurewebsites.net" User-Agent="GITHUBACTIONS_DeployWebAppToAzure_166d80897058adf60a83b4621feef8c0848d3a717d55b28c45048fb29c44ee7b" Authorization="Bea..." Content-Type="application/json; charset=utf-8" Cookie="ARRAffinity=3dffe12b626d0727fde120b934eb00f6b88cedb4be5e0abcbc7f874600c24062;Path=/;HttpOnly;Secure;Domain=sentiment-api-at2025.scm.azurewebsites.net; ARRAffinitySameSite=3dffe12b626d0727fde120b934eb00f6b88cedb4be5e0abcbc7f874600c24062;Path=/;HttpOnly;SameSite=None;Secure;Domain=sentiment-api-at2025.scm.azurewebsites.net" Content-Length="0" X-ARR-LOG-ID="25da5945-a87f-4f49-8717-5f7c76292e40" CLIENT-IP="64.236.177.96:64448" X-SITE-DEPLOYMENT-ID="sentiment-api-at2025" WAS-DEFAULT-HOSTNAME="sentiment-api-at2025.scm.azurewebsites.net" X-Forwarded-Proto="https" X-AppService-Proto="https" X-Forwarded-TlsVersion="1.3" X-WAWS-Unencoded-URL="/api/deployments/latest?deployer=OneDeploy&amp;time=2025-10-16_19-26-22Z" X-Client-IP="64.236.177.96" X-Client-Port="64448" >
  <step title="Cleanup Xml Logs" date="2025-10-16T19:32:37.755" >
    <step title="Cleanup Infos" date="2025-10-16T19:32:37.771" totalFiles="423" totalCleanup="263" /><!-- duration: 10ms -->
  </step><!-- duration: 29ms -->
  <step title="DeploymentService.GetResult" date="2025-10-16T19:32:37.792" >
    <step title="DeploymentService.GetLatestDeployment" date="2025-10-16T19:32:37.795" >
      <step title="DeploymentManager.GetResults" date="2025-10-16T19:32:37.799" /><!-- duration: 474ms -->
    </step><!-- duration: 481ms -->
  </step><!-- duration: 488ms -->
  <step title="Outgoing response" date="2025-10-16T19:32:38.285" type="response" statusCode="202" statusText="Accepted" /><!-- duration: 9ms -->
</step><!-- duration: 545ms -->
