<step title="Incoming Request" date="2025-10-16T18:37:38.456" instance="3dffe1" url="/api/deployments/latest?deployer=OneDeploy&amp;time=2025-10-16_18-31-24Z" method="GET" type="request" pid="768,1,40" Host="sentiment-api-at2025.scm.azurewebsites.net" User-Agent="GITHUBACTIONS_DeployWebAppToAzure_166d80897058adf60a83b4621feef8c0848d3a717d55b28c45048fb29c44ee7b" Authorization="Bea..." Content-Type="application/json; charset=utf-8" Cookie="ARRAffinity=3dffe12b626d0727fde120b934eb00f6b88cedb4be5e0abcbc7f874600c24062;Path=/;HttpOnly;Secure;Domain=sentiment-api-at2025.scm.azurewebsites.net; ARRAffinitySameSite=3dffe12b626d0727fde120b934eb00f6b88cedb4be5e0abcbc7f874600c24062;Path=/;HttpOnly;SameSite=None;Secure;Domain=sentiment-api-at2025.scm.azurewebsites.net" Content-Length="0" X-ARR-LOG-ID="b4c58a0c-df47-4c35-ad4d-14fbaba91722" CLIENT-IP="68.220.59.50:54272" X-SITE-DEPLOYMENT-ID="sentiment-api-at2025" WAS-DEFAULT-HOSTNAME="sentiment-api-at2025.scm.azurewebsites.net" X-Forwarded-Proto="https" X-AppService-Proto="https" X-Forwarded-TlsVersion="1.3" X-WAWS-Unencoded-URL="/api/deployments/latest?deployer=OneDeploy&amp;time=2025-10-16_18-31-24Z" X-Client-IP="68.220.59.50" X-Client-Port="54272" >
  <step title="Cleanup Xml Logs" date="2025-10-16T18:37:38.458" >
    <step title="Cleanup Infos" date="2025-10-16T18:37:38.467" totalFiles="227" totalCleanup="67" /><!-- duration: 4ms -->
  </step><!-- duration: 15ms -->
  <step title="DeploymentService.GetResult" date="2025-10-16T18:37:38.490" >
    <step title="DeploymentService.GetLatestDeployment" date="2025-10-16T18:37:38.492" >
      <step title="DeploymentManager.GetResults" date="2025-10-16T18:37:38.495" /><!-- duration: 423ms -->
    </step><!-- duration: 429ms -->
  </step><!-- duration: 435ms -->
  <step title="Outgoing response" date="2025-10-16T18:37:38.928" type="response" statusCode="202" statusText="Accepted" /><!-- duration: 4ms -->
</step><!-- duration: 480ms -->
