<step title="Incoming Request" date="2025-10-16T19:05:58.878" instance="3dffe1" url="/api/deployments/latest?deployer=OneDeploy&amp;time=2025-10-16_19-03-18Z" method="GET" type="request" pid="768,1,20" Host="sentiment-api-at2025.scm.azurewebsites.net" User-Agent="GITHUBACTIONS_DeployWebAppToAzure_166d80897058adf60a83b4621feef8c0848d3a717d55b28c45048fb29c44ee7b" Authorization="Bea..." Content-Type="application/json; charset=utf-8" Cookie="ARRAffinity=3dffe12b626d0727fde120b934eb00f6b88cedb4be5e0abcbc7f874600c24062;Path=/;HttpOnly;Secure;Domain=sentiment-api-at2025.scm.azurewebsites.net; ARRAffinitySameSite=3dffe12b626d0727fde120b934eb00f6b88cedb4be5e0abcbc7f874600c24062;Path=/;HttpOnly;SameSite=None;Secure;Domain=sentiment-api-at2025.scm.azurewebsites.net" Content-Length="0" X-ARR-LOG-ID="56e1a24b-a56d-4e5f-8c77-0ce3d5db8743" CLIENT-IP="20.81.159.7:6146" X-SITE-DEPLOYMENT-ID="sentiment-api-at2025" WAS-DEFAULT-HOSTNAME="sentiment-api-at2025.scm.azurewebsites.net" X-Forwarded-Proto="https" X-AppService-Proto="https" X-Forwarded-TlsVersion="1.3" X-WAWS-Unencoded-URL="/api/deployments/latest?deployer=OneDeploy&amp;time=2025-10-16_19-03-18Z" X-Client-IP="20.81.159.7" X-Client-Port="6146" >
  <step title="Cleanup Xml Logs" date="2025-10-16T19:05:58.880" >
    <step title="Cleanup Infos" date="2025-10-16T19:05:58.893" totalFiles="323" totalCleanup="163" /><!-- duration: 4ms -->
  </step><!-- duration: 20ms -->
  <step title="DeploymentService.GetResult" date="2025-10-16T19:05:58.905" >
    <step title="DeploymentService.GetLatestDeployment" date="2025-10-16T19:05:58.908" >
      <step title="DeploymentManager.GetResults" date="2025-10-16T19:05:58.910" /><!-- duration: 427ms -->
    </step><!-- duration: 434ms -->
  </step><!-- duration: 439ms -->
  <step title="Outgoing response" date="2025-10-16T19:05:59.349" type="response" statusCode="202" statusText="Accepted" /><!-- duration: 3ms -->
</step><!-- duration: 482ms -->
