<step title="Incoming Request" date="2025-10-16T19:07:13.151" instance="3dffe1" url="/api/deployments/latest?deployer=OneDeploy&amp;time=2025-10-16_19-03-18Z" method="GET" type="request" pid="768,1,22" Host="sentiment-api-at2025.scm.azurewebsites.net" User-Agent="GITHUBACTIONS_DeployWebAppToAzure_166d80897058adf60a83b4621feef8c0848d3a717d55b28c45048fb29c44ee7b" Authorization="Bea..." Content-Type="application/json; charset=utf-8" Cookie="ARRAffinity=3dffe12b626d0727fde120b934eb00f6b88cedb4be5e0abcbc7f874600c24062;Path=/;HttpOnly;Secure;Domain=sentiment-api-at2025.scm.azurewebsites.net; ARRAffinitySameSite=3dffe12b626d0727fde120b934eb00f6b88cedb4be5e0abcbc7f874600c24062;Path=/;HttpOnly;SameSite=None;Secure;Domain=sentiment-api-at2025.scm.azurewebsites.net" Content-Length="0" X-ARR-LOG-ID="a16871b2-3c19-4b25-b74d-7e1ec163f1db" CLIENT-IP="20.81.159.7:6146" X-SITE-DEPLOYMENT-ID="sentiment-api-at2025" WAS-DEFAULT-HOSTNAME="sentiment-api-at2025.scm.azurewebsites.net" X-Forwarded-Proto="https" X-AppService-Proto="https" X-Forwarded-TlsVersion="1.3" X-WAWS-Unencoded-URL="/api/deployments/latest?deployer=OneDeploy&amp;time=2025-10-16_19-03-18Z" X-Client-IP="20.81.159.7" X-Client-Port="6146" >
  <step title="Cleanup Xml Logs" date="2025-10-16T19:07:13.163" >
    <step title="Cleanup Infos" date="2025-10-16T19:07:13.196" totalFiles="335" totalCleanup="175" /><!-- duration: 57ms -->
  </step><!-- duration: 109ms -->
  <step title="DeploymentService.GetResult" date="2025-10-16T19:07:13.311" >
    <step title="DeploymentService.GetLatestDeployment" date="2025-10-16T19:07:13.328" >
      <step title="DeploymentManager.GetResults" date="2025-10-16T19:07:13.337" /><!-- duration: 1251ms -->
    </step><!-- duration: 1264ms -->
  </step><!-- duration: 1284ms -->
  <step title="Outgoing response" date="2025-10-16T19:07:14.599" type="response" statusCode="202" statusText="Accepted" /><!-- duration: 3ms -->
</step><!-- duration: 1460ms -->
