<step title="BackgroundTrace" date="2025-10-16T17:46:21.126" instance="3dffe1" url="/api/publish" method="POST" >
  <step title="Creating temporary deployment - FetchDeploymentManager" date="2025-10-16T17:46:21.237" /><!-- duration: 2ms -->
  <step title="Creating temporary deployment" date="2025-10-16T17:46:21.244" /><!-- duration: 109ms -->
  <step title="Performing fetch based deployment" date="2025-10-16T17:46:21.388" >
    <step title="Cleaning up temp folders from previous zip deployments and extracting pushed zip file /tmp/zipdeploy/d8fd9c0b-4f10-4e2f-a684-2b78dee8e1ae.zip (18.63 MB) to /tmp/zipdeploy/extracted" date="2025-10-16T17:46:22.639" >
      <step title="ChmodRecursive Process exited with total time taken in ms: 296" date="2025-10-16T17:46:23.091" /><!-- duration: 4ms -->
    </step><!-- duration: 459ms -->
    <step title="Deployment timer started" date="2025-10-16T17:46:25.108" >
      <step title="DeploymentManager.Deploy(id:9abe9c9f-28a6-4abd-9246-eaef6eccd098)" date="2025-10-16T17:46:25.114" >
        <step title="Collecting changeset information" date="2025-10-16T17:46:25.136" /><!-- duration: 99ms -->
        <step title="Updating submodules" date="2025-10-16T17:46:25.243" /><!-- duration: 1121ms -->
        <step title="Determining deployment builder" date="2025-10-16T17:46:26.616" >
          <step title="Builder is OryxBuilder" date="2025-10-16T17:46:26.638" /><!-- duration: 3ms -->
        </step><!-- duration: 30ms -->
        <step title="PreDeployment: context.CleanOutputPath False" date="2025-10-16T17:46:26.721" >
          <step title="PreDeployment: context.OutputPath /home/site/wwwroot" date="2025-10-16T17:46:26.839" >
            <step title="Building" date="2025-10-16T17:46:26.977" >
              <step title="Executing external process" date="2025-10-16T17:46:27.287" type="process" path="bash" arguments="-c &quot;oryx build /tmp/zipdeploy/extracted -o /home/site/wwwroot --platform python --platform-version 3.12 -p virtualenv_name=antenv --log-file /tmp/build-debug.log  -i /tmp/8de0cdbee2d405e --compress-destination-dir | tee /tmp/oryx-build.log ; exit $PIPESTATUS &quot;" >
                <step title="Cpu: python(1202,22.350s)+ts(1203,0.100s)+build.sh(1201,0.000s)+build.sh(1200,0.000s)+build.sh(1109,0.030s)+oryx(1089,2.360s)+tee(1090,0.000s)+bash(1088,0.000s)=total(24.840s)" date="2025-10-16T17:47:59.014" /><!-- duration: 6ms -->
                <step title="bash: no io activity for 61s, prev-cpu=-1.000s, current-cpu=24.840s" date="2025-10-16T17:47:59.027" /><!-- duration: 15ms -->
                <step title="Cpu: python(1202,57.210s)+ts(1203,0.100s)+build.sh(1201,0.000s)+build.sh(1200,0.000s)+build.sh(1109,0.030s)+oryx(1089,2.460s)+tee(1090,0.000s)+bash(1088,0.000s)=total(59.790s)" date="2025-10-16T17:48:59.122" /><!-- duration: 6ms -->
                <step title="bash: no io activity for 121s, prev-cpu=24.840s, current-cpu=59.790s" date="2025-10-16T17:48:59.146" /><!-- duration: 21ms -->
                <step title="Cpu: rsync(1284,9.750s)+rsync(1283,1.190s)+rsync(1282,7.520s)+build.sh(1109,0.030s)+oryx(1089,2.700s)+tee(1090,0.000s)+bash(1088,0.000s)=total(21.180s)" date="2025-10-16T17:50:10.541" /><!-- duration: 7ms -->
                <step title="bash: no io activity for 61s, prev-cpu=-1.000s, current-cpu=21.180s" date="2025-10-16T17:50:10.554" /><!-- duration: 5ms -->
                <step title="Cpu: gzip(1313,40.480s)+sh(1312,0.000s)+tar(1310,4.090s)+build.sh(1109,0.030s)+oryx(1089,2.710s)+tee(1090,0.000s)+bash(1088,0.000s)=total(47.310s)" date="2025-10-16T17:51:14.626" /><!-- duration: 8ms -->
                <step title="bash: no io activity for 61s, prev-cpu=-1.000s, current-cpu=47.310s" date="2025-10-16T17:51:14.642" /><!-- duration: 7ms -->
              </step><!-- duration: 338085ms -->
              <step title="Using PythonDeploymentLogParser" date="2025-10-16T17:52:06.394" /><!-- duration: 7ms -->
              <step title="Modified file to trigger a restart of the app container." date="2025-10-16T17:52:07.873" /><!-- duration: 5ms -->
              <step title="Skip function trigger and logicapp sync because function is not enabled." date="2025-10-16T17:52:07.994" /><!-- duration: 3ms -->
            </step><!-- duration: 342439ms -->
          </step><!-- duration: 342701ms -->
          <step title="Cleaning up temp files" date="2025-10-16T17:52:09.543" /><!-- duration: 25913ms -->
          <step title="Cleaning up temp files" date="2025-10-16T17:52:35.465" /><!-- duration: 527ms -->
          <step title="Reloading status file with latest updates" date="2025-10-16T17:52:36.023" >
            <step title="WebHooksManager.PublishEventAsync: PostDeployment" date="2025-10-16T17:52:36.029" /><!-- duration: 328ms -->
          </step><!-- duration: 337ms -->
          <step title="Cleaning up temporary deployment - fetch deployment was successful" date="2025-10-16T17:52:36.370" /><!-- duration: 4ms -->
        </step><!-- duration: 369722ms -->
      </step><!-- duration: 371347ms -->
