<step title="Incoming Request" date="2025-10-16T19:03:52.285" instance="3dffe1" url="/api/deployments/latest?deployer=OneDeploy&amp;time=2025-10-16_19-03-18Z" method="GET" type="request" pid="768,1,18" Host="sentiment-api-at2025.scm.azurewebsites.net" User-Agent="GITHUBACTIONS_DeployWebAppToAzure_166d80897058adf60a83b4621feef8c0848d3a717d55b28c45048fb29c44ee7b" Authorization="Bea..." Content-Type="application/json; charset=utf-8" Cookie="ARRAffinity=3dffe12b626d0727fde120b934eb00f6b88cedb4be5e0abcbc7f874600c24062;Path=/;HttpOnly;Secure;Domain=sentiment-api-at2025.scm.azurewebsites.net; ARRAffinitySameSite=3dffe12b626d0727fde120b934eb00f6b88cedb4be5e0abcbc7f874600c24062;Path=/;HttpOnly;SameSite=None;Secure;Domain=sentiment-api-at2025.scm.azurewebsites.net" Content-Length="0" X-ARR-LOG-ID="1ca8d231-c3a7-4be8-9281-9ab3a17b831b" CLIENT-IP="20.81.159.7:6145" X-SITE-DEPLOYMENT-ID="sentiment-api-at2025" WAS-DEFAULT-HOSTNAME="sentiment-api-at2025.scm.azurewebsites.net" X-Forwarded-Proto="https" X-AppService-Proto="https" X-Forwarded-TlsVersion="1.3" X-WAWS-Unencoded-URL="/api/deployments/latest?deployer=OneDeploy&amp;time=2025-10-16_19-03-18Z" X-Client-IP="20.81.159.7" X-Client-Port="6145" >
  <step title="Cleanup Xml Logs" date="2025-10-16T19:03:52.288" >
    <step title="Cleanup Infos" date="2025-10-16T19:03:52.307" totalFiles="303" totalCleanup="143" /><!-- duration: 4ms -->
  </step><!-- duration: 27ms -->
  <step title="DeploymentService.GetResult" date="2025-10-16T19:03:52.324" >
    <step title="DeploymentService.GetLatestDeployment" date="2025-10-16T19:03:52.328" >
      <step title="DeploymentManager.GetResults" date="2025-10-16T19:03:52.342" /><!-- duration: 751ms -->
    </step><!-- duration: 773ms -->
  </step><!-- duration: 905ms -->
  <step title="Outgoing response" date="2025-10-16T19:03:53.273" type="response" statusCode="202" statusText="Accepted" /><!-- duration: 30ms -->
</step><!-- duration: 1023ms -->
