<step title="Incoming Request" date="2025-10-16T19:08:59.801" instance="3dffe1" url="/api/deployments/latest?deployer=OneDeploy&amp;time=2025-10-16_19-03-18Z" method="GET" type="request" pid="768,1,18" Host="sentiment-api-at2025.scm.azurewebsites.net" User-Agent="GITHUBACTIONS_DeployWebAppToAzure_166d80897058adf60a83b4621feef8c0848d3a717d55b28c45048fb29c44ee7b" Authorization="Bea..." Content-Type="application/json; charset=utf-8" Cookie="ARRAffinity=3dffe12b626d0727fde120b934eb00f6b88cedb4be5e0abcbc7f874600c24062;Path=/;HttpOnly;Secure;Domain=sentiment-api-at2025.scm.azurewebsites.net; ARRAffinitySameSite=3dffe12b626d0727fde120b934eb00f6b88cedb4be5e0abcbc7f874600c24062;Path=/;HttpOnly;SameSite=None;Secure;Domain=sentiment-api-at2025.scm.azurewebsites.net" Content-Length="0" X-ARR-LOG-ID="015e2558-75da-44a6-964d-88f60bc4317c" CLIENT-IP="20.81.159.7:6144" X-SITE-DEPLOYMENT-ID="sentiment-api-at2025" WAS-DEFAULT-HOSTNAME="sentiment-api-at2025.scm.azurewebsites.net" X-Forwarded-Proto="https" X-AppService-Proto="https" X-Forwarded-TlsVersion="1.3" X-WAWS-Unencoded-URL="/api/deployments/latest?deployer=OneDeploy&amp;time=2025-10-16_19-03-18Z" X-Client-IP="20.81.159.7" X-Client-Port="6144" >
  <step title="Cleanup Xml Logs" date="2025-10-16T19:08:59.826" >
    <step title="Cleanup Infos" date="2025-10-16T19:08:59.852" totalFiles="352" totalCleanup="192" /><!-- duration: 6ms -->
  </step><!-- duration: 35ms -->
  <step title="DeploymentService.GetResult" date="2025-10-16T19:08:59.872" >
    <step title="DeploymentService.GetLatestDeployment" date="2025-10-16T19:08:59.876" >
      <step title="DeploymentManager.GetResults" date="2025-10-16T19:08:59.880" /><!-- duration: 720ms -->
    </step><!-- duration: 731ms -->
  </step><!-- duration: 739ms -->
  <step title="Outgoing response" date="2025-10-16T19:09:00.613" type="response" statusCode="202" statusText="Accepted" /><!-- duration: 3ms -->
</step><!-- duration: 818ms -->
