<step title="Incoming Request" date="2025-10-16T19:26:18.962" instance="3dffe1" url="/api/publish?async=true&amp;deployer=GITHUB_ONE_DEPLOY&amp;type=zip&amp;message=%7B%22type%22%3A%22deployment%22%2C%22sha%22%3A%226ac28818c9bc442b69fde8f77b0bd39aa014a882%22%2C%22repoName%22%3A%22theven1anthony%2Fsentiment_analysis%22%2C%22actor%22%3A%22theven1anthony%22%2C%22slotName%22%3A%22production%22%2C%22commitMessage%22%3A%22Ajout%20gensim%20aux%20d%C3%A9pendances%20API%5Cn%5CnN%C3%A9cessaire%20pour%20charger%20les%20embeddings%20Word2Vec%20du%20mod%C3%A8le.%22%7D" method="POST" type="request" pid="768,1,41" Host="sentiment-api-at2025.scm.azurewebsites.net" User-Agent="GITHUBACTIONS_DeployWebAppToAzure_166d80897058adf60a83b4621feef8c0848d3a717d55b28c45048fb29c44ee7b" Authorization="Bea..." Content-Type="application/octet-stream" Cookie="ARRAffinity=3dffe12b626d0727fde120b934eb00f6b88cedb4be5e0abcbc7f874600c24062;Path=/;HttpOnly;Secure;Domain=sentiment-api-at2025.scm.azurewebsites.net; ARRAffinitySameSite=3dffe12b626d0727fde120b934eb00f6b88cedb4be5e0abcbc7f874600c24062;Path=/;HttpOnly;SameSite=None;Secure;Domain=sentiment-api-at2025.scm.azurewebsites.net" Transfer-Encoding="chunked" X-ARR-LOG-ID="60f30bdf-4712-4064-8df7-e29885dc1e02" CLIENT-IP="64.236.177.96:64448" X-SITE-DEPLOYMENT-ID="sentiment-api-at2025" WAS-DEFAULT-HOSTNAME="sentiment-api-at2025.scm.azurewebsites.net" X-Forwarded-Proto="https" X-AppService-Proto="https" X-Forwarded-TlsVersion="1.3" X-WAWS-Unencoded-URL="/api/publish?async=true&amp;deployer=GITHUB_ONE_DEPLOY&amp;type=zip&amp;message=%7B%22type%22%3A%22deployment%22%2C%22sha%22%3A%226ac28818c9bc442b69fde8f77b0bd39aa014a882%22%2C%22repoName%22%3A%22theven1anthony%2Fsentiment_analysis%22%2C%22actor%22%3A%22theven1anthony%22%2C%22slotName%22%3A%22production%22%2C%22commitMessage%22%3A%22Ajout%20gensim%20aux%20d%C3%A9pendances%20API%5Cn%5CnN%C3%A9cessaire%20pour%20charger%20les%20embeddings%20Word2Vec%20du%20mod%C3%A8le.%22%7D" X-Client-IP="64.236.177.96" X-Client-Port="64448" >
  <step title="OneDeploy" date="2025-10-16T19:26:19.098" >
    <step title="Starting PushDeployAsync" date="2025-10-16T19:26:19.148" /><!-- duration: 5ms -->
    <step title="Writing artifact to /tmp/zipdeploy/8fffaed6-8f04-4b5a-a8c4-bd182c3ab814.zip" date="2025-10-16T19:26:19.176" >
      <step title="Writing multipart request body to /tmp/zipdeploy/8fffaed6-8f04-4b5a-a8c4-bd182c3ab814.zip" date="2025-10-16T19:26:19.184" /><!-- duration: 4ms -->
    </step><!-- duration: 2463ms -->
    <step title="Removing previous build artifact&apos;s manifest file" date="2025-10-16T19:26:21.695" >
      <step title="Start deployment in the background" date="2025-10-16T19:26:21.752" >
        <step title="Acquiring Deployment Lock" date="2025-10-16T19:26:21.814" /><!-- duration: 4ms -->
        <step title="Acquired Deployment Lock" date="2025-10-16T19:26:21.863" /><!-- duration: 2ms -->
      </step><!-- duration: 242ms -->
    </step><!-- duration: 346ms -->
    <step title="Outgoing response" date="2025-10-16T19:26:22.048" type="response" statusCode="202" statusText="Accepted" /><!-- duration: 3ms -->
  </step><!-- duration: 2957ms -->
