<step title="Incoming Request" date="2025-10-16T18:35:58.097" instance="3dffe1" url="/api/deployments/latest?deployer=OneDeploy&amp;time=2025-10-16_18-31-24Z" method="GET" type="request" pid="768,1,40" Host="sentiment-api-at2025.scm.azurewebsites.net" User-Agent="GITHUBACTIONS_DeployWebAppToAzure_166d80897058adf60a83b4621feef8c0848d3a717d55b28c45048fb29c44ee7b" Authorization="Bea..." Content-Type="application/json; charset=utf-8" Cookie="ARRAffinity=3dffe12b626d0727fde120b934eb00f6b88cedb4be5e0abcbc7f874600c24062;Path=/;HttpOnly;Secure;Domain=sentiment-api-at2025.scm.azurewebsites.net; ARRAffinitySameSite=3dffe12b626d0727fde120b934eb00f6b88cedb4be5e0abcbc7f874600c24062;Path=/;HttpOnly;SameSite=None;Secure;Domain=sentiment-api-at2025.scm.azurewebsites.net" Content-Length="0" X-ARR-LOG-ID="3ba2fd34-400f-4d1c-b41a-8facc1e3f7a7" CLIENT-IP="68.220.59.50:54272" X-SITE-DEPLOYMENT-ID="sentiment-api-at2025" WAS-DEFAULT-HOSTNAME="sentiment-api-at2025.scm.azurewebsites.net" X-Forwarded-Proto="https" X-AppService-Proto="https" X-Forwarded-TlsVersion="1.3" X-WAWS-Unencoded-URL="/api/deployments/latest?deployer=OneDeploy&amp;time=2025-10-16_18-31-24Z" X-Client-IP="68.220.59.50" X-Client-Port="54272" >
  <step title="Cleanup Xml Logs" date="2025-10-16T18:35:58.100" >
    <step title="Cleanup Infos" date="2025-10-16T18:35:58.111" totalFiles="211" totalCleanup="51" /><!-- duration: 4ms -->
  </step><!-- duration: 22ms -->
  <step title="DeploymentService.GetResult" date="2025-10-16T18:35:58.132" >
    <step title="DeploymentService.GetLatestDeployment" date="2025-10-16T18:35:58.136" >
      <step title="DeploymentManager.GetResults" date="2025-10-16T18:35:58.138" /><!-- duration: 411ms -->
    </step><!-- duration: 417ms -->
  </step><!-- duration: 424ms -->
  <step title="Outgoing response" date="2025-10-16T18:35:58.560" type="response" statusCode="202" statusText="Accepted" /><!-- duration: 3ms -->
</step><!-- duration: 470ms -->
