<step title="Incoming Request" date="2025-10-16T18:51:43.982" instance="3dffe1" url="/api/deployments/latest?deployer=OneDeploy&amp;time=2025-10-16_18-47-00Z" method="GET" type="request" pid="768,1,39" Host="sentiment-api-at2025.scm.azurewebsites.net" User-Agent="GITHUBACTIONS_DeployWebAppToAzure_166d80897058adf60a83b4621feef8c0848d3a717d55b28c45048fb29c44ee7b" Authorization="Bea..." Content-Type="application/json; charset=utf-8" Cookie="ARRAffinity=3dffe12b626d0727fde120b934eb00f6b88cedb4be5e0abcbc7f874600c24062;Path=/;HttpOnly;Secure;Domain=sentiment-api-at2025.scm.azurewebsites.net; ARRAffinitySameSite=3dffe12b626d0727fde120b934eb00f6b88cedb4be5e0abcbc7f874600c24062;Path=/;HttpOnly;SameSite=None;Secure;Domain=sentiment-api-at2025.scm.azurewebsites.net" Content-Length="0" X-ARR-LOG-ID="640b6d79-07b8-4307-b731-f28034921874" CLIENT-IP="40.76.239.103:45113" X-SITE-DEPLOYMENT-ID="sentiment-api-at2025" WAS-DEFAULT-HOSTNAME="sentiment-api-at2025.scm.azurewebsites.net" X-Forwarded-Proto="https" X-AppService-Proto="https" X-Forwarded-TlsVersion="1.3" X-WAWS-Unencoded-URL="/api/deployments/latest?deployer=OneDeploy&amp;time=2025-10-16_18-47-00Z" X-Client-IP="40.76.239.103" X-Client-Port="45113" >
  <step title="Cleanup Xml Logs" date="2025-10-16T18:51:43.984" >
    <step title="Cleanup Infos" date="2025-10-16T18:51:43.993" totalFiles="276" totalCleanup="116" /><!-- duration: 4ms -->
  </step><!-- duration: 15ms -->
  <step title="DeploymentService.GetResult" date="2025-10-16T18:51:44.005" >
    <step title="DeploymentService.GetLatestDeployment" date="2025-10-16T18:51:44.007" >
      <step title="DeploymentManager.GetResults" date="2025-10-16T18:51:44.010" /><!-- duration: 413ms -->
    </step><!-- duration: 420ms -->
  </step><!-- duration: 425ms -->
  <step title="Outgoing response" date="2025-10-16T18:51:44.433" type="response" statusCode="202" statusText="Accepted" /><!-- duration: 7ms -->
</step><!-- duration: 464ms -->
