<step title="Incoming Request" date="2025-10-16T19:03:39.098" instance="3dffe1" url="/api/deployments/latest?deployer=OneDeploy&amp;time=2025-10-16_19-03-18Z" method="GET" type="request" pid="768,1,18" Host="sentiment-api-at2025.scm.azurewebsites.net" User-Agent="GITHUBACTIONS_DeployWebAppToAzure_166d80897058adf60a83b4621feef8c0848d3a717d55b28c45048fb29c44ee7b" Authorization="Bea..." Content-Type="application/json; charset=utf-8" Cookie="ARRAffinity=3dffe12b626d0727fde120b934eb00f6b88cedb4be5e0abcbc7f874600c24062;Path=/;HttpOnly;Secure;Domain=sentiment-api-at2025.scm.azurewebsites.net; ARRAffinitySameSite=3dffe12b626d0727fde120b934eb00f6b88cedb4be5e0abcbc7f874600c24062;Path=/;HttpOnly;SameSite=None;Secure;Domain=sentiment-api-at2025.scm.azurewebsites.net" Content-Length="0" X-ARR-LOG-ID="c8d2de5f-a88e-4612-a695-87baf2522036" CLIENT-IP="20.81.159.7:6145" X-SITE-DEPLOYMENT-ID="sentiment-api-at2025" WAS-DEFAULT-HOSTNAME="sentiment-api-at2025.scm.azurewebsites.net" X-Forwarded-Proto="https" X-AppService-Proto="https" X-Forwarded-TlsVersion="1.3" X-WAWS-Unencoded-URL="/api/deployments/latest?deployer=OneDeploy&amp;time=2025-10-16_19-03-18Z" X-Client-IP="20.81.159.7" X-Client-Port="6145" >
  <step title="Cleanup Xml Logs" date="2025-10-16T19:03:39.103" >
    <step title="Cleanup Infos" date="2025-10-16T19:03:39.131" totalFiles="301" totalCleanup="141" /><!-- duration: 11ms -->
  </step><!-- duration: 42ms -->
  <step title="DeploymentService.GetResult" date="2025-10-16T19:03:39.152" >
    <step title="DeploymentService.GetLatestDeployment" date="2025-10-16T19:03:39.155" >
      <step title="DeploymentManager.GetResults" date="2025-10-16T19:03:39.166" /><!-- duration: 1287ms -->
    </step><!-- duration: 1328ms -->
  </step><!-- duration: 1379ms -->
  <step title="Outgoing response" date="2025-10-16T19:03:40.544" type="response" statusCode="202" statusText="Accepted" /><!-- duration: 4ms -->
</step><!-- duration: 1454ms -->
