<step title="Incoming Request" date="2025-10-16T19:58:56.928" instance="3dffe1" url="/api/deployments/latest?deployer=OneDeploy&amp;time=2025-10-16_19-56-25Z" method="GET" type="request" pid="768,1,18" Host="sentiment-api-at2025.scm.azurewebsites.net" User-Agent="GITHUBACTIONS_DeployWebAppToAzure_166d80897058adf60a83b4621feef8c0848d3a717d55b28c45048fb29c44ee7b" Authorization="Bea..." Content-Type="application/json; charset=utf-8" Cookie="ARRAffinity=3dffe12b626d0727fde120b934eb00f6b88cedb4be5e0abcbc7f874600c24062;Path=/;HttpOnly;Secure;Domain=sentiment-api-at2025.scm.azurewebsites.net; ARRAffinitySameSite=3dffe12b626d0727fde120b934eb00f6b88cedb4be5e0abcbc7f874600c24062;Path=/;HttpOnly;SameSite=None;Secure;Domain=sentiment-api-at2025.scm.azurewebsites.net" Content-Length="0" X-ARR-LOG-ID="6d33abbe-11fa-44aa-9b6f-d6184f614d80" CLIENT-IP="57.151.129.56:35920" X-SITE-DEPLOYMENT-ID="sentiment-api-at2025" WAS-DEFAULT-HOSTNAME="sentiment-api-at2025.scm.azurewebsites.net" X-Forwarded-Proto="https" X-AppService-Proto="https" X-Forwarded-TlsVersion="1.3" X-WAWS-Unencoded-URL="/api/deployments/latest?deployer=OneDeploy&amp;time=2025-10-16_19-56-25Z" X-Client-IP="57.151.129.56" X-Client-Port="35920" >
  <step title="Cleanup Xml Logs" date="2025-10-16T19:58:56.930" >
    <step title="Cleanup Infos" date="2025-10-16T19:58:57.033" totalFiles="456" totalCleanup="296" /><!-- duration: 12ms -->
  </step><!-- duration: 117ms -->
  <step title="DeploymentService.GetResult" date="2025-10-16T19:58:57.060" >
    <step title="DeploymentService.GetLatestDeployment" date="2025-10-16T19:58:57.065" >
      <step title="DeploymentManager.GetResults" date="2025-10-16T19:58:57.068" /><!-- duration: 569ms -->
    </step><!-- duration: 576ms -->
  </step><!-- duration: 585ms -->
  <step title="Outgoing response" date="2025-10-16T19:58:57.650" type="response" statusCode="202" statusText="Accepted" /><!-- duration: 6ms -->
</step><!-- duration: 731ms -->
