<step title="Incoming Request" date="2025-10-16T18:52:07.576" instance="3dffe1" url="/api/deployments/latest?deployer=OneDeploy&amp;time=2025-10-16_18-47-00Z" method="GET" type="request" pid="768,1,39" Host="sentiment-api-at2025.scm.azurewebsites.net" User-Agent="GITHUBACTIONS_DeployWebAppToAzure_166d80897058adf60a83b4621feef8c0848d3a717d55b28c45048fb29c44ee7b" Authorization="Bea..." Content-Type="application/json; charset=utf-8" Cookie="ARRAffinity=3dffe12b626d0727fde120b934eb00f6b88cedb4be5e0abcbc7f874600c24062;Path=/;HttpOnly;Secure;Domain=sentiment-api-at2025.scm.azurewebsites.net; ARRAffinitySameSite=3dffe12b626d0727fde120b934eb00f6b88cedb4be5e0abcbc7f874600c24062;Path=/;HttpOnly;SameSite=None;Secure;Domain=sentiment-api-at2025.scm.azurewebsites.net" Content-Length="0" X-ARR-LOG-ID="7f28addb-41b1-4033-a3b0-3dd94d84e429" CLIENT-IP="40.76.239.103:45113" X-SITE-DEPLOYMENT-ID="sentiment-api-at2025" WAS-DEFAULT-HOSTNAME="sentiment-api-at2025.scm.azurewebsites.net" X-Forwarded-Proto="https" X-AppService-Proto="https" X-Forwarded-TlsVersion="1.3" X-WAWS-Unencoded-URL="/api/deployments/latest?deployer=OneDeploy&amp;time=2025-10-16_18-47-00Z" X-Client-IP="40.76.239.103" X-Client-Port="45113" >
  <step title="Cleanup Xml Logs" date="2025-10-16T18:52:07.585" >
    <step title="Cleanup Infos" date="2025-10-16T18:52:07.608" totalFiles="280" totalCleanup="120" /><!-- duration: 7ms -->
  </step><!-- duration: 35ms -->
  <step title="DeploymentService.GetResult" date="2025-10-16T18:52:07.637" >
    <step title="DeploymentService.GetLatestDeployment" date="2025-10-16T18:52:07.643" >
      <step title="DeploymentManager.GetResults" date="2025-10-16T18:52:07.651" /><!-- duration: 528ms -->
    </step><!-- duration: 544ms -->
  </step><!-- duration: 557ms -->
  <step title="Outgoing response" date="2025-10-16T18:52:08.226" type="response" statusCode="202" statusText="Accepted" /><!-- duration: 14ms -->
</step><!-- duration: 675ms -->
