<step title="Incoming Request" date="2025-10-16T19:33:02.374" instance="3dffe1" url="/api/deployments/latest?deployer=OneDeploy&amp;time=2025-10-16_19-26-22Z" method="GET" type="request" pid="768,1,37" Host="sentiment-api-at2025.scm.azurewebsites.net" User-Agent="GITHUBACTIONS_DeployWebAppToAzure_166d80897058adf60a83b4621feef8c0848d3a717d55b28c45048fb29c44ee7b" Authorization="Bea..." Content-Type="application/json; charset=utf-8" Cookie="ARRAffinity=3dffe12b626d0727fde120b934eb00f6b88cedb4be5e0abcbc7f874600c24062;Path=/;HttpOnly;Secure;Domain=sentiment-api-at2025.scm.azurewebsites.net; ARRAffinitySameSite=3dffe12b626d0727fde120b934eb00f6b88cedb4be5e0abcbc7f874600c24062;Path=/;HttpOnly;SameSite=None;Secure;Domain=sentiment-api-at2025.scm.azurewebsites.net" Content-Length="0" X-ARR-LOG-ID="9cf3bda3-45b7-4cc4-a6a8-36b9468fac5b" CLIENT-IP="64.236.177.96:64448" X-SITE-DEPLOYMENT-ID="sentiment-api-at2025" WAS-DEFAULT-HOSTNAME="sentiment-api-at2025.scm.azurewebsites.net" X-Forwarded-Proto="https" X-AppService-Proto="https" X-Forwarded-TlsVersion="1.3" X-WAWS-Unencoded-URL="/api/deployments/latest?deployer=OneDeploy&amp;time=2025-10-16_19-26-22Z" X-Client-IP="64.236.177.96" X-Client-Port="64448" >
  <step title="Cleanup Xml Logs" date="2025-10-16T19:33:02.382" >
    <step title="Cleanup Infos" date="2025-10-16T19:33:02.414" totalFiles="427" totalCleanup="267" /><!-- duration: 6ms -->
  </step><!-- duration: 44ms -->
  <step title="DeploymentService.GetResult" date="2025-10-16T19:33:02.431" >
    <step title="DeploymentService.GetLatestDeployment" date="2025-10-16T19:33:02.433" >
      <step title="DeploymentManager.GetResults" date="2025-10-16T19:33:02.435" /><!-- duration: 491ms -->
    </step><!-- duration: 497ms -->
  </step><!-- duration: 504ms -->
  <step title="Outgoing response" date="2025-10-16T19:33:02.948" type="response" statusCode="202" statusText="Accepted" /><!-- duration: 4ms -->
</step><!-- duration: 580ms -->
