<step title="Incoming Request" date="2025-10-16T19:56:20.483" instance="3dffe1" url="/api/publish?async=true&amp;deployer=GITHUB_ONE_DEPLOY&amp;type=zip&amp;message=%7B%22type%22%3A%22deployment%22%2C%22sha%22%3A%22bb8511d78362e5a7f6e67ea1d9843f4141dd18a4%22%2C%22repoName%22%3A%22theven1anthony%2Fsentiment_analysis%22%2C%22actor%22%3A%22theven1anthony%22%2C%22slotName%22%3A%22production%22%2C%22commitMessage%22%3A%22Correction%20startup%20command%20Azure%20App%20Service%5Cn%5CnUtilisation%20de%20startup.txt%20avec%20gunicorn%20%2B%20uvicorn%20worker%20pour%20FastAPI.%22%7D" method="POST" type="request" pid="768,1,44" Host="sentiment-api-at2025.scm.azurewebsites.net" User-Agent="GITHUBACTIONS_DeployWebAppToAzure_166d80897058adf60a83b4621feef8c0848d3a717d55b28c45048fb29c44ee7b" Authorization="Bea..." Content-Type="application/octet-stream" Cookie="ARRAffinity=3dffe12b626d0727fde120b934eb00f6b88cedb4be5e0abcbc7f874600c24062;Path=/;HttpOnly;Secure;Domain=sentiment-api-at2025.scm.azurewebsites.net; ARRAffinitySameSite=3dffe12b626d0727fde120b934eb00f6b88cedb4be5e0abcbc7f874600c24062;Path=/;HttpOnly;SameSite=None;Secure;Domain=sentiment-api-at2025.scm.azurewebsites.net" Transfer-Encoding="chunked" X-ARR-LOG-ID="ccb23d70-ce56-4a59-9fa7-4d114f520439" CLIENT-IP="57.151.129.56:35920" X-SITE-DEPLOYMENT-ID="sentiment-api-at2025" WAS-DEFAULT-HOSTNAME="sentiment-api-at2025.scm.azurewebsites.net" X-Forwarded-Proto="https" X-AppService-Proto="https" X-Forwarded-TlsVersion="1.3" X-WAWS-Unencoded-URL="/api/publish?async=true&amp;deployer=GITHUB_ONE_DEPLOY&amp;type=zip&amp;message=%7B%22type%22%3A%22deployment%22%2C%22sha%22%3A%22bb8511d78362e5a7f6e67ea1d9843f4141dd18a4%22%2C%22repoName%22%3A%22theven1anthony%2Fsentiment_analysis%22%2C%22actor%22%3A%22theven1anthony%22%2C%22slotName%22%3A%22production%22%2C%22commitMessage%22%3A%22Correction%20startup%20command%20Azure%20App%20Service%5Cn%5CnUtilisation%20de%20startup.txt%20avec%20gunicorn%20%2B%20uvicorn%20worker%20pour%20FastAPI.%22%7D" X-Client-IP="57.151.129.56" X-Client-Port="35920" >
  <step title="OneDeploy" date="2025-10-16T19:56:20.648" >
    <step title="Starting PushDeployAsync" date="2025-10-16T19:56:20.695" /><!-- duration: 5ms -->
    <step title="Writing artifact to /tmp/zipdeploy/d222abc2-3d9f-492d-b8bf-06b2cbc55f2b.zip" date="2025-10-16T19:56:20.729" >
      <step title="Writing multipart request body to /tmp/zipdeploy/d222abc2-3d9f-492d-b8bf-06b2cbc55f2b.zip" date="2025-10-16T19:56:20.747" /><!-- duration: 3ms -->
    </step><!-- duration: 4204ms -->
    <step title="Removing previous build artifact&apos;s manifest file" date="2025-10-16T19:56:24.950" >
      <step title="Start deployment in the background" date="2025-10-16T19:56:24.982" >
        <step title="Acquiring Deployment Lock" date="2025-10-16T19:56:25.092" /><!-- duration: 4ms -->
        <step title="Acquired Deployment Lock" date="2025-10-16T19:56:25.176" /><!-- duration: 4ms -->
      </step><!-- duration: 402ms -->
    </step><!-- duration: 475ms -->
    <step title="Outgoing response" date="2025-10-16T19:56:25.443" type="response" statusCode="202" statusText="Accepted" /><!-- duration: 4ms -->
  </step><!-- duration: 4803ms -->
