<step title="Incoming Request" date="2025-10-16T19:28:32.532" instance="3dffe1" url="/api/deployments/latest?deployer=OneDeploy&amp;time=2025-10-16_19-26-22Z" method="GET" type="request" pid="768,1,46" Host="sentiment-api-at2025.scm.azurewebsites.net" User-Agent="GITHUBACTIONS_DeployWebAppToAzure_166d80897058adf60a83b4621feef8c0848d3a717d55b28c45048fb29c44ee7b" Authorization="Bea..." Content-Type="application/json; charset=utf-8" Cookie="ARRAffinity=3dffe12b626d0727fde120b934eb00f6b88cedb4be5e0abcbc7f874600c24062;Path=/;HttpOnly;Secure;Domain=sentiment-api-at2025.scm.azurewebsites.net; ARRAffinitySameSite=3dffe12b626d0727fde120b934eb00f6b88cedb4be5e0abcbc7f874600c24062;Path=/;HttpOnly;SameSite=None;Secure;Domain=sentiment-api-at2025.scm.azurewebsites.net" Content-Length="0" X-ARR-LOG-ID="dce6f875-c964-45bf-aec2-2f42ebf792c9" CLIENT-IP="64.236.177.96:64448" X-SITE-DEPLOYMENT-ID="sentiment-api-at2025" WAS-DEFAULT-HOSTNAME="sentiment-api-at2025.scm.azurewebsites.net" X-Forwarded-Proto="https" X-AppService-Proto="https" X-Forwarded-TlsVersion="1.3" X-WAWS-Unencoded-URL="/api/deployments/latest?deployer=OneDeploy&amp;time=2025-10-16_19-26-22Z" X-Client-IP="64.236.177.96" X-Client-Port="64448" >
  <step title="Cleanup Xml Logs" date="2025-10-16T19:28:32.535" >
    <step title="Cleanup Infos" date="2025-10-16T19:28:32.554" totalFiles="383" totalCleanup="223" /><!-- duration: 7ms -->
  </step><!-- duration: 30ms -->
  <step title="DeploymentService.GetResult" date="2025-10-16T19:28:32.731" >
    <step title="DeploymentService.GetLatestDeployment" date="2025-10-16T19:28:32.739" >
      <step title="DeploymentManager.GetResults" date="2025-10-16T19:28:32.742" /><!-- duration: 542ms -->
    </step><!-- duration: 549ms -->
  </step><!-- duration: 560ms -->
  <step title="Outgoing response" date="2025-10-16T19:28:33.301" type="response" statusCode="202" statusText="Accepted" /><!-- duration: 5ms -->
</step><!-- duration: 783ms -->
