<step title="Incoming Request" date="2025-10-16T18:47:31.601" instance="3dffe1" url="/api/deployments/latest?deployer=OneDeploy&amp;time=2025-10-16_18-47-00Z" method="GET" type="request" pid="768,1,7" Host="sentiment-api-at2025.scm.azurewebsites.net" User-Agent="GITHUBACTIONS_DeployWebAppToAzure_166d80897058adf60a83b4621feef8c0848d3a717d55b28c45048fb29c44ee7b" Authorization="Bea..." Content-Type="application/json; charset=utf-8" Cookie="ARRAffinity=3dffe12b626d0727fde120b934eb00f6b88cedb4be5e0abcbc7f874600c24062;Path=/;HttpOnly;Secure;Domain=sentiment-api-at2025.scm.azurewebsites.net; ARRAffinitySameSite=3dffe12b626d0727fde120b934eb00f6b88cedb4be5e0abcbc7f874600c24062;Path=/;HttpOnly;SameSite=None;Secure;Domain=sentiment-api-at2025.scm.azurewebsites.net" Content-Length="0" X-ARR-LOG-ID="747bf456-6cb6-4a1b-8913-d10964cb3f21" CLIENT-IP="40.76.239.103:45112" X-SITE-DEPLOYMENT-ID="sentiment-api-at2025" WAS-DEFAULT-HOSTNAME="sentiment-api-at2025.scm.azurewebsites.net" X-Forwarded-Proto="https" X-AppService-Proto="https" X-Forwarded-TlsVersion="1.3" X-WAWS-Unencoded-URL="/api/deployments/latest?deployer=OneDeploy&amp;time=2025-10-16_18-47-00Z" X-Client-IP="40.76.239.103" X-Client-Port="45112" >
  <step title="Cleanup Xml Logs" date="2025-10-16T18:47:31.606" >
    <step title="Cleanup Infos" date="2025-10-16T18:47:31.618" totalFiles="236" totalCleanup="76" /><!-- duration: 4ms -->
  </step><!-- duration: 22ms -->
  <step title="DeploymentService.GetResult" date="2025-10-16T18:47:31.634" >
    <step title="DeploymentService.GetLatestDeployment" date="2025-10-16T18:47:31.637" >
      <step title="DeploymentManager.GetResults" date="2025-10-16T18:47:31.640" /><!-- duration: 1064ms -->
    </step><!-- duration: 1075ms -->
  </step><!-- duration: 1081ms -->
  <step title="Outgoing response" date="2025-10-16T18:47:32.726" type="response" statusCode="202" statusText="Accepted" /><!-- duration: 4ms -->
</step><!-- duration: 1135ms -->
