<step title="Incoming Request" date="2025-10-16T19:03:26.298" instance="3dffe1" url="/api/deployments/latest?deployer=OneDeploy&amp;time=2025-10-16_19-03-18Z" method="GET" type="request" pid="768,1,39" Host="sentiment-api-at2025.scm.azurewebsites.net" User-Agent="GITHUBACTIONS_DeployWebAppToAzure_166d80897058adf60a83b4621feef8c0848d3a717d55b28c45048fb29c44ee7b" Authorization="Bea..." Content-Type="application/json; charset=utf-8" Cookie="ARRAffinity=3dffe12b626d0727fde120b934eb00f6b88cedb4be5e0abcbc7f874600c24062;Path=/;HttpOnly;Secure;Domain=sentiment-api-at2025.scm.azurewebsites.net; ARRAffinitySameSite=3dffe12b626d0727fde120b934eb00f6b88cedb4be5e0abcbc7f874600c24062;Path=/;HttpOnly;SameSite=None;Secure;Domain=sentiment-api-at2025.scm.azurewebsites.net" Content-Length="0" X-ARR-LOG-ID="ad36b57b-8896-451b-ba3d-c777de302642" CLIENT-IP="20.81.159.7:6145" X-SITE-DEPLOYMENT-ID="sentiment-api-at2025" WAS-DEFAULT-HOSTNAME="sentiment-api-at2025.scm.azurewebsites.net" X-Forwarded-Proto="https" X-AppService-Proto="https" X-Forwarded-TlsVersion="1.3" X-WAWS-Unencoded-URL="/api/deployments/latest?deployer=OneDeploy&amp;time=2025-10-16_19-03-18Z" X-Client-IP="20.81.159.7" X-Client-Port="6145" >
  <step title="Cleanup Xml Logs" date="2025-10-16T19:03:26.300" >
    <step title="Cleanup Infos" date="2025-10-16T19:03:26.318" totalFiles="299" totalCleanup="139" /><!-- duration: 7ms -->
  </step><!-- duration: 33ms -->
  <step title="DeploymentService.GetResult" date="2025-10-16T19:03:26.348" >
    <step title="DeploymentService.GetLatestDeployment" date="2025-10-16T19:03:26.352" >
      <step title="DeploymentManager.GetResults" date="2025-10-16T19:03:26.354" /><!-- duration: 1245ms -->
    </step><!-- duration: 1257ms -->
  </step><!-- duration: 1266ms -->
  <step title="Outgoing response" date="2025-10-16T19:03:27.624" type="response" statusCode="202" statusText="Accepted" /><!-- duration: 16ms -->
</step><!-- duration: 1350ms -->
