<step title="Incoming Request" date="2025-10-16T19:28:38.783" instance="3dffe1" url="/api/deployments/latest?deployer=OneDeploy&amp;time=2025-10-16_19-26-22Z" method="GET" type="request" pid="768,1,33" Host="sentiment-api-at2025.scm.azurewebsites.net" User-Agent="GITHUBACTIONS_DeployWebAppToAzure_166d80897058adf60a83b4621feef8c0848d3a717d55b28c45048fb29c44ee7b" Authorization="Bea..." Content-Type="application/json; charset=utf-8" Cookie="ARRAffinity=3dffe12b626d0727fde120b934eb00f6b88cedb4be5e0abcbc7f874600c24062;Path=/;HttpOnly;Secure;Domain=sentiment-api-at2025.scm.azurewebsites.net; ARRAffinitySameSite=3dffe12b626d0727fde120b934eb00f6b88cedb4be5e0abcbc7f874600c24062;Path=/;HttpOnly;SameSite=None;Secure;Domain=sentiment-api-at2025.scm.azurewebsites.net" Content-Length="0" X-ARR-LOG-ID="906f7299-6c4c-4ff3-8095-7efa5f58eda5" CLIENT-IP="64.236.177.96:64450" X-SITE-DEPLOYMENT-ID="sentiment-api-at2025" WAS-DEFAULT-HOSTNAME="sentiment-api-at2025.scm.azurewebsites.net" X-Forwarded-Proto="https" X-AppService-Proto="https" X-Forwarded-TlsVersion="1.3" X-WAWS-Unencoded-URL="/api/deployments/latest?deployer=OneDeploy&amp;time=2025-10-16_19-26-22Z" X-Client-IP="64.236.177.96" X-Client-Port="64450" >
  <step title="Cleanup Xml Logs" date="2025-10-16T19:28:38.800" >
    <step title="Cleanup Infos" date="2025-10-16T19:28:38.830" totalFiles="384" totalCleanup="224" /><!-- duration: 5ms -->
  </step><!-- duration: 45ms -->
  <step title="DeploymentService.GetResult" date="2025-10-16T19:28:38.852" >
    <step title="DeploymentService.GetLatestDeployment" date="2025-10-16T19:28:38.857" >
      <step title="DeploymentManager.GetResults" date="2025-10-16T19:28:38.860" /><!-- duration: 454ms -->
    </step><!-- duration: 461ms -->
  </step><!-- duration: 472ms -->
  <step title="Outgoing response" date="2025-10-16T19:28:39.328" type="response" statusCode="202" statusText="Accepted" /><!-- duration: 4ms -->
</step><!-- duration: 553ms -->
