<step title="BackgroundTrace" date="2025-10-16T19:03:17.380" instance="3dffe1" url="/api/publish" method="POST" >
  <step title="Creating temporary deployment - FetchDeploymentManager" date="2025-10-16T19:03:18.643" /><!-- duration: 5ms -->
  <step title="Creating temporary deployment" date="2025-10-16T19:03:18.662" /><!-- duration: 87ms -->
  <step title="Performing fetch based deployment" date="2025-10-16T19:03:18.805" >
    <step title="Cleaning up temp folders from previous zip deployments and extracting pushed zip file /tmp/zipdeploy/fff28889-9e4a-4fec-8cc3-9e949d8af957.zip (18.63 MB) to /tmp/zipdeploy/extracted" date="2025-10-16T19:03:20.086" >
      <step title="ChmodRecursive Process exited with total time taken in ms: 155" date="2025-10-16T19:03:20.793" /><!-- duration: 5ms -->
    </step><!-- duration: 715ms -->
    <step title="Deployment timer started" date="2025-10-16T19:03:22.822" >
      <step title="DeploymentManager.Deploy(id:456a302b-1ce1-417a-8c99-9b6a5e03eafd)" date="2025-10-16T19:03:22.827" >
        <step title="Collecting changeset information" date="2025-10-16T19:03:22.847" /><!-- duration: 103ms -->
        <step title="Updating submodules" date="2025-10-16T19:03:22.968" /><!-- duration: 1117ms -->
        <step title="Determining deployment builder" date="2025-10-16T19:03:24.337" >
          <step title="Builder is OryxBuilder" date="2025-10-16T19:03:24.346" /><!-- duration: 7ms -->
        </step><!-- duration: 20ms -->
        <step title="PreDeployment: context.CleanOutputPath False" date="2025-10-16T19:03:24.415" >
          <step title="PreDeployment: context.OutputPath /home/site/wwwroot" date="2025-10-16T19:03:24.530" >
            <step title="Building" date="2025-10-16T19:03:24.677" >
              <step title="Executing external process" date="2025-10-16T19:03:25.871" type="process" path="bash" arguments="-c &quot;oryx build /tmp/zipdeploy/extracted -o /home/site/wwwroot --platform python --platform-version 3.12 -p virtualenv_name=antenv --log-file /tmp/build-debug.log  -i /tmp/8de0ce6ae8c49b5 --compress-destination-dir | tee /tmp/oryx-build.log ; exit $PIPESTATUS &quot;" >
                <step title="Cpu: python(3127,32.910s)+ts(3128,0.090s)+build.sh(3126,0.000s)+build.sh(3125,0.000s)+build.sh(3049,0.040s)+oryx(3026,2.440s)+tee(3027,0.000s)+bash(3025,0.000s)=total(35.480s)" date="2025-10-16T19:04:37.079" /><!-- duration: 6ms -->
                <step title="bash: no io activity for 60s, prev-cpu=-1.000s, current-cpu=35.480s" date="2025-10-16T19:04:37.175" /><!-- duration: 4ms -->
                <step title="Cpu: rsync(3176,9.030s)+rsync(3175,1.040s)+rsync(3174,6.910s)+build.sh(3049,0.050s)+oryx(3026,2.560s)+tee(3027,0.000s)+bash(3025,0.000s)=total(19.590s)" date="2025-10-16T19:06:34.910" /><!-- duration: 18ms -->
                <step title="bash: no io activity for 61s, prev-cpu=-1.000s, current-cpu=19.590s" date="2025-10-16T19:06:35.204" /><!-- duration: 12ms -->
                <step title="Cpu: gzip(3202,35.320s)+sh(3201,0.000s)+tar(3200,3.990s)+build.sh(3049,0.050s)+oryx(3026,2.600s)+tee(3027,0.000s)+bash(3025,0.000s)=total(41.960s)" date="2025-10-16T19:07:58.341" /><!-- duration: 6ms -->
                <step title="bash: no io activity for 61s, prev-cpu=-1.000s, current-cpu=41.960s" date="2025-10-16T19:07:58.350" /><!-- duration: 3ms -->
                <step title="Cpu: gzip(3202,82.140s)+sh(3201,0.000s)+tar(3200,7.870s)+build.sh(3049,0.050s)+oryx(3026,2.610s)+tee(3027,0.000s)+bash(3025,0.000s)=total(92.670s)" date="2025-10-16T19:08:58.395" /><!-- duration: 6ms -->
                <step title="bash: no io activity for 121s, prev-cpu=41.960s, current-cpu=92.670s" date="2025-10-16T19:08:58.405" /><!-- duration: 5ms -->
              </step><!-- duration: 370547ms -->
              <step title="Using PythonDeploymentLogParser" date="2025-10-16T19:09:37.820" /><!-- duration: 35ms -->
              <step title="Modified file to trigger a restart of the app container." date="2025-10-16T19:09:40.416" /><!-- duration: 7ms -->
              <step title="Skip function trigger and logicapp sync because function is not enabled." date="2025-10-16T19:09:40.435" /><!-- duration: 9ms -->
            </step><!-- duration: 376766ms -->
          </step><!-- duration: 376919ms -->
          <step title="Cleaning up temp files" date="2025-10-16T19:09:41.452" /><!-- duration: 3828ms -->
          <step title="Cleaning up temp files" date="2025-10-16T19:09:45.288" /><!-- duration: 582ms -->
          <step title="Reloading status file with latest updates" date="2025-10-16T19:09:45.921" >
            <step title="WebHooksManager.PublishEventAsync: PostDeployment" date="2025-10-16T19:09:45.933" /><!-- duration: 394ms -->
          </step><!-- duration: 413ms -->
          <step title="Cleaning up temporary deployment - fetch deployment was successful" date="2025-10-16T19:09:46.409" /><!-- duration: 4ms -->
        </step><!-- duration: 382033ms -->
      </step><!-- duration: 383675ms -->
