<step title="Incoming Request" date="2025-10-16T18:48:59.835" instance="3dffe1" url="/api/deployments/latest?deployer=OneDeploy&amp;time=2025-10-16_18-47-00Z" method="GET" type="request" pid="768,1,38" Host="sentiment-api-at2025.scm.azurewebsites.net" User-Agent="GITHUBACTIONS_DeployWebAppToAzure_166d80897058adf60a83b4621feef8c0848d3a717d55b28c45048fb29c44ee7b" Authorization="Bea..." Content-Type="application/json; charset=utf-8" Cookie="ARRAffinity=3dffe12b626d0727fde120b934eb00f6b88cedb4be5e0abcbc7f874600c24062;Path=/;HttpOnly;Secure;Domain=sentiment-api-at2025.scm.azurewebsites.net; ARRAffinitySameSite=3dffe12b626d0727fde120b934eb00f6b88cedb4be5e0abcbc7f874600c24062;Path=/;HttpOnly;SameSite=None;Secure;Domain=sentiment-api-at2025.scm.azurewebsites.net" Content-Length="0" X-ARR-LOG-ID="7dc002fd-87d6-4e17-a8e2-da1ee7bff374" CLIENT-IP="40.76.239.103:45112" X-SITE-DEPLOYMENT-ID="sentiment-api-at2025" WAS-DEFAULT-HOSTNAME="sentiment-api-at2025.scm.azurewebsites.net" X-Forwarded-Proto="https" X-AppService-Proto="https" X-Forwarded-TlsVersion="1.3" X-WAWS-Unencoded-URL="/api/deployments/latest?deployer=OneDeploy&amp;time=2025-10-16_18-47-00Z" X-Client-IP="40.76.239.103" X-Client-Port="45112" >
  <step title="Cleanup Xml Logs" date="2025-10-16T18:48:59.838" >
    <step title="Cleanup Infos" date="2025-10-16T18:48:59.849" totalFiles="250" totalCleanup="90" /><!-- duration: 297ms -->
  </step><!-- duration: 313ms -->
  <step title="DeploymentService.GetResult" date="2025-10-16T18:49:00.158" >
    <step title="DeploymentService.GetLatestDeployment" date="2025-10-16T18:49:00.161" >
      <step title="DeploymentManager.GetResults" date="2025-10-16T18:49:00.163" /><!-- duration: 401ms -->
    </step><!-- duration: 407ms -->
  </step><!-- duration: 414ms -->
  <step title="Outgoing response" date="2025-10-16T18:49:00.582" type="response" statusCode="202" statusText="Accepted" /><!-- duration: 5ms -->
</step><!-- duration: 754ms -->
