<step title="Incoming Request" date="2025-10-16T18:47:15.250" instance="3dffe1" url="/api/deployments/latest?deployer=OneDeploy&amp;time=2025-10-16_18-47-00Z" method="GET" type="request" pid="768,1,38" Host="sentiment-api-at2025.scm.azurewebsites.net" User-Agent="GITHUBACTIONS_DeployWebAppToAzure_166d80897058adf60a83b4621feef8c0848d3a717d55b28c45048fb29c44ee7b" Authorization="Bea..." Content-Type="application/json; charset=utf-8" Cookie="ARRAffinity=3dffe12b626d0727fde120b934eb00f6b88cedb4be5e0abcbc7f874600c24062;Path=/;HttpOnly;Secure;Domain=sentiment-api-at2025.scm.azurewebsites.net; ARRAffinitySameSite=3dffe12b626d0727fde120b934eb00f6b88cedb4be5e0abcbc7f874600c24062;Path=/;HttpOnly;SameSite=None;Secure;Domain=sentiment-api-at2025.scm.azurewebsites.net" Content-Length="0" X-ARR-LOG-ID="fe828b1f-d181-4310-9468-e1bcfd88e900" CLIENT-IP="40.76.239.103:45112" X-SITE-DEPLOYMENT-ID="sentiment-api-at2025" WAS-DEFAULT-HOSTNAME="sentiment-api-at2025.scm.azurewebsites.net" X-Forwarded-Proto="https" X-AppService-Proto="https" X-Forwarded-TlsVersion="1.3" X-WAWS-Unencoded-URL="/api/deployments/latest?deployer=OneDeploy&amp;time=2025-10-16_18-47-00Z" X-Client-IP="40.76.239.103" X-Client-Port="45112" >
  <step title="Cleanup Xml Logs" date="2025-10-16T18:47:15.300" >
    <step title="Cleanup Infos" date="2025-10-16T18:47:15.400" totalFiles="234" totalCleanup="74" /><!-- duration: 44ms -->
  </step><!-- duration: 168ms -->
  <step title="DeploymentService.GetResult" date="2025-10-16T18:47:15.576" >
    <step title="DeploymentService.GetLatestDeployment" date="2025-10-16T18:47:15.591" >
      <step title="DeploymentManager.GetResults" date="2025-10-16T18:47:15.619" /><!-- duration: 3205ms -->
    </step><!-- duration: 3275ms -->
  </step><!-- duration: 3302ms -->
  <step title="Outgoing response" date="2025-10-16T18:47:18.900" type="response" statusCode="202" statusText="Accepted" /><!-- duration: 29ms -->
</step><!-- duration: 3695ms -->
