<step title="Incoming Request" date="2025-10-16T18:37:06.460" instance="3dffe1" url="/api/deployments/latest?deployer=OneDeploy&amp;time=2025-10-16_18-31-24Z" method="GET" type="request" pid="768,1,24" Host="sentiment-api-at2025.scm.azurewebsites.net" User-Agent="GITHUBACTIONS_DeployWebAppToAzure_166d80897058adf60a83b4621feef8c0848d3a717d55b28c45048fb29c44ee7b" Authorization="Bea..." Content-Type="application/json; charset=utf-8" Cookie="ARRAffinity=3dffe12b626d0727fde120b934eb00f6b88cedb4be5e0abcbc7f874600c24062;Path=/;HttpOnly;Secure;Domain=sentiment-api-at2025.scm.azurewebsites.net; ARRAffinitySameSite=3dffe12b626d0727fde120b934eb00f6b88cedb4be5e0abcbc7f874600c24062;Path=/;HttpOnly;SameSite=None;Secure;Domain=sentiment-api-at2025.scm.azurewebsites.net" Content-Length="0" X-ARR-LOG-ID="67701df5-2018-4a94-85ac-4cc1846eda90" CLIENT-IP="68.220.59.50:54274" X-SITE-DEPLOYMENT-ID="sentiment-api-at2025" WAS-DEFAULT-HOSTNAME="sentiment-api-at2025.scm.azurewebsites.net" X-Forwarded-Proto="https" X-AppService-Proto="https" X-Forwarded-TlsVersion="1.3" X-WAWS-Unencoded-URL="/api/deployments/latest?deployer=OneDeploy&amp;time=2025-10-16_18-31-24Z" X-Client-IP="68.220.59.50" X-Client-Port="54274" >
  <step title="Cleanup Xml Logs" date="2025-10-16T18:37:06.470" >
    <step title="Cleanup Infos" date="2025-10-16T18:37:06.491" totalFiles="222" totalCleanup="62" /><!-- duration: 13ms -->
  </step><!-- duration: 38ms -->
  <step title="DeploymentService.GetResult" date="2025-10-16T18:37:06.516" >
    <step title="DeploymentService.GetLatestDeployment" date="2025-10-16T18:37:06.520" >
      <step title="DeploymentManager.GetResults" date="2025-10-16T18:37:06.524" /><!-- duration: 385ms -->
    </step><!-- duration: 394ms -->
  </step><!-- duration: 400ms -->
  <step title="Outgoing response" date="2025-10-16T18:37:06.921" type="response" statusCode="202" statusText="Accepted" /><!-- duration: 4ms -->
</step><!-- duration: 468ms -->
