<step title="Incoming Request" date="2025-10-16T19:04:31.586" instance="3dffe1" url="/api/deployments/latest?deployer=OneDeploy&amp;time=2025-10-16_19-03-18Z" method="GET" type="request" pid="768,1,22" Host="sentiment-api-at2025.scm.azurewebsites.net" User-Agent="GITHUBACTIONS_DeployWebAppToAzure_166d80897058adf60a83b4621feef8c0848d3a717d55b28c45048fb29c44ee7b" Authorization="Bea..." Content-Type="application/json; charset=utf-8" Cookie="ARRAffinity=3dffe12b626d0727fde120b934eb00f6b88cedb4be5e0abcbc7f874600c24062;Path=/;HttpOnly;Secure;Domain=sentiment-api-at2025.scm.azurewebsites.net; ARRAffinitySameSite=3dffe12b626d0727fde120b934eb00f6b88cedb4be5e0abcbc7f874600c24062;Path=/;HttpOnly;SameSite=None;Secure;Domain=sentiment-api-at2025.scm.azurewebsites.net" Content-Length="0" X-ARR-LOG-ID="d0504e96-1e40-4c82-9204-4ca182cf0ad6" CLIENT-IP="20.81.159.7:6145" X-SITE-DEPLOYMENT-ID="sentiment-api-at2025" WAS-DEFAULT-HOSTNAME="sentiment-api-at2025.scm.azurewebsites.net" X-Forwarded-Proto="https" X-AppService-Proto="https" X-Forwarded-TlsVersion="1.3" X-WAWS-Unencoded-URL="/api/deployments/latest?deployer=OneDeploy&amp;time=2025-10-16_19-03-18Z" X-Client-IP="20.81.159.7" X-Client-Port="6145" >
  <step title="Cleanup Xml Logs" date="2025-10-16T19:04:31.588" >
    <step title="Cleanup Infos" date="2025-10-16T19:04:31.598" totalFiles="309" totalCleanup="149" /><!-- duration: 6ms -->
  </step><!-- duration: 18ms -->
  <step title="DeploymentService.GetResult" date="2025-10-16T19:04:31.612" >
    <step title="DeploymentService.GetLatestDeployment" date="2025-10-16T19:04:31.615" >
      <step title="DeploymentManager.GetResults" date="2025-10-16T19:04:31.619" /><!-- duration: 457ms -->
    </step><!-- duration: 464ms -->
  </step><!-- duration: 471ms -->
  <step title="Outgoing response" date="2025-10-16T19:04:32.088" type="response" statusCode="202" statusText="Accepted" /><!-- duration: 3ms -->
</step><!-- duration: 508ms -->
