<step title="BackgroundTrace" date="2025-10-16T19:26:21.757" instance="3dffe1" url="/api/publish" method="POST" >
  <step title="Cleanup Xml Logs" date="2025-10-16T19:26:21.761" >
    <step title="Cleanup Infos" date="2025-10-16T19:26:21.781" totalFiles="362" totalCleanup="202" /><!-- duration: 6ms -->
  </step><!-- duration: 30ms -->
  <step title="Creating temporary deployment - FetchDeploymentManager" date="2025-10-16T19:26:21.868" /><!-- duration: 3ms -->
  <step title="Creating temporary deployment" date="2025-10-16T19:26:21.876" /><!-- duration: 113ms -->
  <step title="Performing fetch based deployment" date="2025-10-16T19:26:22.129" >
    <step title="Cleaning up temp folders from previous zip deployments and extracting pushed zip file /tmp/zipdeploy/8fffaed6-8f04-4b5a-a8c4-bd182c3ab814.zip (18.63 MB) to /tmp/zipdeploy/extracted" date="2025-10-16T19:26:23.380" >
      <step title="ChmodRecursive Process exited with total time taken in ms: 104" date="2025-10-16T19:26:24.389" /><!-- duration: 7ms -->
    </step><!-- duration: 1020ms -->
    <step title="Deployment timer started" date="2025-10-16T19:26:26.424" >
      <step title="DeploymentManager.Deploy(id:0b89f064-c51e-401b-b03d-7de31aabe829)" date="2025-10-16T19:26:26.452" >
        <step title="Collecting changeset information" date="2025-10-16T19:26:26.468" /><!-- duration: 122ms -->
        <step title="Updating submodules" date="2025-10-16T19:26:26.596" /><!-- duration: 1158ms -->
        <step title="Determining deployment builder" date="2025-10-16T19:26:28.018" >
          <step title="Builder is OryxBuilder" date="2025-10-16T19:26:28.028" /><!-- duration: 4ms -->
        </step><!-- duration: 19ms -->
        <step title="PreDeployment: context.CleanOutputPath False" date="2025-10-16T19:26:28.095" >
          <step title="PreDeployment: context.OutputPath /home/site/wwwroot" date="2025-10-16T19:26:28.221" >
            <step title="Building" date="2025-10-16T19:26:28.362" >
              <step title="Executing external process" date="2025-10-16T19:26:28.689" type="process" path="bash" arguments="-c &quot;oryx build /tmp/zipdeploy/extracted -o /home/site/wwwroot --platform python --platform-version 3.12 -p virtualenv_name=antenv --log-file /tmp/build-debug.log  -i /tmp/8de0ce9e748dd12 --compress-destination-dir | tee /tmp/oryx-build.log ; exit $PIPESTATUS &quot;" >
                <step title="Cpu: python(3586,14.000s)+ts(3587,0.100s)+build.sh(3585,0.000s)+build.sh(3584,0.000s)+build.sh(3508,0.020s)+oryx(3485,2.840s)+tee(3486,0.000s)+bash(3484,0.000s)=total(16.920s)" date="2025-10-16T19:27:40.881" /><!-- duration: 5ms -->
                <step title="bash: no io activity for 61s, prev-cpu=-1.000s, current-cpu=16.920s" date="2025-10-16T19:27:40.932" /><!-- duration: 5ms -->
                <step title="Cpu: python(3586,58.330s)+ts(3587,0.100s)+build.sh(3585,0.000s)+build.sh(3584,0.000s)+build.sh(3508,0.020s)+oryx(3485,2.900s)+tee(3486,0.000s)+bash(3484,0.000s)=total(61.350s)" date="2025-10-16T19:28:40.992" /><!-- duration: 5ms -->
                <step title="bash: no io activity for 123s, prev-cpu=16.920s, current-cpu=61.350s" date="2025-10-16T19:28:41.000" /><!-- duration: 11ms -->
                <step title="Cpu: rsync(3649,8.740s)+rsync(3648,0.990s)+rsync(3647,6.770s)+build.sh(3508,0.030s)+oryx(3485,3.040s)+tee(3486,0.000s)+bash(3484,0.000s)=total(19.570s)" date="2025-10-16T19:30:22.072" /><!-- duration: 3ms -->
                <step title="bash: no io activity for 60s, prev-cpu=-1.000s, current-cpu=19.570s" date="2025-10-16T19:30:22.081" /><!-- duration: 3ms -->
                <step title="Cpu: gzip(3685,40.200s)+sh(3684,0.000s)+tar(3683,4.580s)+build.sh(3508,0.030s)+oryx(3485,3.080s)+tee(3486,0.000s)+bash(3484,0.000s)=total(47.890s)" date="2025-10-16T19:31:47.143" /><!-- duration: 4ms -->
                <step title="bash: no io activity for 61s, prev-cpu=-1.000s, current-cpu=47.890s" date="2025-10-16T19:31:47.151" /><!-- duration: 5ms -->
                <step title="Cpu: gzip(3685,83.410s)+sh(3684,0.000s)+tar(3683,7.240s)+build.sh(3508,0.030s)+oryx(3485,3.110s)+tee(3486,0.000s)+bash(3484,0.000s)=total(93.780s)" date="2025-10-16T19:32:47.743" /><!-- duration: 10ms -->
                <step title="bash: no io activity for 121s, prev-cpu=47.890s, current-cpu=93.780s" date="2025-10-16T19:32:47.759" /><!-- duration: 10ms -->
              </step><!-- duration: 413217ms -->
              <step title="Using PythonDeploymentLogParser" date="2025-10-16T19:33:22.627" /><!-- duration: 4ms -->
              <step title="Modified file to trigger a restart of the app container." date="2025-10-16T19:33:24.067" /><!-- duration: 6ms -->
              <step title="Skip function trigger and logicapp sync because function is not enabled." date="2025-10-16T19:33:24.090" /><!-- duration: 5ms -->
            </step><!-- duration: 417339ms -->
          </step><!-- duration: 417490ms -->
          <step title="Cleaning up temp files" date="2025-10-16T19:33:25.718" /><!-- duration: 9817ms -->
          <step title="Cleaning up temp files" date="2025-10-16T19:33:35.542" /><!-- duration: 513ms -->
          <step title="Reloading status file with latest updates" date="2025-10-16T19:33:36.109" >
            <step title="WebHooksManager.PublishEventAsync: PostDeployment" date="2025-10-16T19:33:36.115" /><!-- duration: 432ms -->
          </step><!-- duration: 450ms -->
          <step title="Cleaning up temporary deployment - fetch deployment was successful" date="2025-10-16T19:33:37.062" /><!-- duration: 5ms -->
        </step><!-- duration: 429326ms -->
      </step><!-- duration: 431325ms -->
