<step title="Incoming Request" date="2025-10-16T18:47:38.091" instance="3dffe1" url="/api/deployments/latest?deployer=OneDeploy&amp;time=2025-10-16_18-47-00Z" method="GET" type="request" pid="768,1,7" Host="sentiment-api-at2025.scm.azurewebsites.net" User-Agent="GITHUBACTIONS_DeployWebAppToAzure_166d80897058adf60a83b4621feef8c0848d3a717d55b28c45048fb29c44ee7b" Authorization="Bea..." Content-Type="application/json; charset=utf-8" Cookie="ARRAffinity=3dffe12b626d0727fde120b934eb00f6b88cedb4be5e0abcbc7f874600c24062;Path=/;HttpOnly;Secure;Domain=sentiment-api-at2025.scm.azurewebsites.net; ARRAffinitySameSite=3dffe12b626d0727fde120b934eb00f6b88cedb4be5e0abcbc7f874600c24062;Path=/;HttpOnly;SameSite=None;Secure;Domain=sentiment-api-at2025.scm.azurewebsites.net" Content-Length="0" X-ARR-LOG-ID="d4d0f9cf-659c-4701-82a7-cab45fa80039" CLIENT-IP="40.76.239.103:45114" X-SITE-DEPLOYMENT-ID="sentiment-api-at2025" WAS-DEFAULT-HOSTNAME="sentiment-api-at2025.scm.azurewebsites.net" X-Forwarded-Proto="https" X-AppService-Proto="https" X-Forwarded-TlsVersion="1.3" X-WAWS-Unencoded-URL="/api/deployments/latest?deployer=OneDeploy&amp;time=2025-10-16_18-47-00Z" X-Client-IP="40.76.239.103" X-Client-Port="45114" >
  <step title="Cleanup Xml Logs" date="2025-10-16T18:47:38.095" >
    <step title="Cleanup Infos" date="2025-10-16T18:47:38.110" totalFiles="237" totalCleanup="77" /><!-- duration: 9ms -->
  </step><!-- duration: 33ms -->
  <step title="DeploymentService.GetResult" date="2025-10-16T18:47:38.137" >
    <step title="DeploymentService.GetLatestDeployment" date="2025-10-16T18:47:38.142" >
      <step title="DeploymentManager.GetResults" date="2025-10-16T18:47:38.154" /><!-- duration: 686ms -->
    </step><!-- duration: 702ms -->
  </step><!-- duration: 723ms -->
  <step title="Outgoing response" date="2025-10-16T18:47:38.863" type="response" statusCode="202" statusText="Accepted" /><!-- duration: 2ms -->
</step><!-- duration: 777ms -->
