<step title="Incoming Request" date="2025-10-16T18:48:28.723" instance="3dffe1" url="/api/deployments/latest?deployer=OneDeploy&amp;time=2025-10-16_18-47-00Z" method="GET" type="request" pid="768,1,17" Host="sentiment-api-at2025.scm.azurewebsites.net" User-Agent="GITHUBACTIONS_DeployWebAppToAzure_166d80897058adf60a83b4621feef8c0848d3a717d55b28c45048fb29c44ee7b" Authorization="Bea..." Content-Type="application/json; charset=utf-8" Cookie="ARRAffinity=3dffe12b626d0727fde120b934eb00f6b88cedb4be5e0abcbc7f874600c24062;Path=/;HttpOnly;Secure;Domain=sentiment-api-at2025.scm.azurewebsites.net; ARRAffinitySameSite=3dffe12b626d0727fde120b934eb00f6b88cedb4be5e0abcbc7f874600c24062;Path=/;HttpOnly;SameSite=None;Secure;Domain=sentiment-api-at2025.scm.azurewebsites.net" Content-Length="0" X-ARR-LOG-ID="0ce3e743-a36a-432f-9078-11dcafa415d1" CLIENT-IP="40.76.239.103:45114" X-SITE-DEPLOYMENT-ID="sentiment-api-at2025" WAS-DEFAULT-HOSTNAME="sentiment-api-at2025.scm.azurewebsites.net" X-Forwarded-Proto="https" X-AppService-Proto="https" X-Forwarded-TlsVersion="1.3" X-WAWS-Unencoded-URL="/api/deployments/latest?deployer=OneDeploy&amp;time=2025-10-16_18-47-00Z" X-Client-IP="40.76.239.103" X-Client-Port="45114" >
  <step title="Cleanup Xml Logs" date="2025-10-16T18:48:28.728" >
    <step title="Cleanup Infos" date="2025-10-16T18:48:28.750" totalFiles="245" totalCleanup="85" /><!-- duration: 7ms -->
  </step><!-- duration: 32ms -->
  <step title="DeploymentService.GetResult" date="2025-10-16T18:48:28.769" >
    <step title="DeploymentService.GetLatestDeployment" date="2025-10-16T18:48:28.774" >
      <step title="DeploymentManager.GetResults" date="2025-10-16T18:48:28.778" /><!-- duration: 1060ms -->
    </step><!-- duration: 1071ms -->
  </step><!-- duration: 1084ms -->
  <step title="Outgoing response" date="2025-10-16T18:48:29.859" type="response" statusCode="202" statusText="Accepted" /><!-- duration: 4ms -->
</step><!-- duration: 1144ms -->
