<step title="BackgroundTrace" date="2025-10-16T18:47:00.684" instance="3dffe1" url="/api/publish" method="POST" >
  <step title="Creating temporary deployment - FetchDeploymentManager" date="2025-10-16T18:47:00.757" /><!-- duration: 2ms -->
  <step title="Creating temporary deployment" date="2025-10-16T18:47:00.765" /><!-- duration: 53ms -->
  <step title="Performing fetch based deployment" date="2025-10-16T18:47:00.874" >
    <step title="Cleaning up temp folders from previous zip deployments and extracting pushed zip file /tmp/zipdeploy/d93d6785-a90f-43e6-9b45-50c5c396476e.zip (18.63 MB) to /tmp/zipdeploy/extracted" date="2025-10-16T18:47:02.146" >
      <step title="ChmodRecursive Process exited with total time taken in ms: 110" date="2025-10-16T18:47:02.766" /><!-- duration: 3ms -->
    </step><!-- duration: 632ms -->
    <step title="Deployment timer started" date="2025-10-16T18:47:04.800" >
      <step title="DeploymentManager.Deploy(id:96e9d203-02cc-4527-ae2b-814135412395)" date="2025-10-16T18:47:04.805" >
        <step title="Collecting changeset information" date="2025-10-16T18:47:04.818" /><!-- duration: 426ms -->
        <step title="Updating submodules" date="2025-10-16T18:47:05.249" /><!-- duration: 1128ms -->
        <step title="Determining deployment builder" date="2025-10-16T18:47:06.602" >
          <step title="Builder is OryxBuilder" date="2025-10-16T18:47:06.619" /><!-- duration: 3ms -->
        </step><!-- duration: 24ms -->
        <step title="PreDeployment: context.CleanOutputPath False" date="2025-10-16T18:47:06.702" >
          <step title="PreDeployment: context.OutputPath /home/site/wwwroot" date="2025-10-16T18:47:06.873" >
            <step title="Building" date="2025-10-16T18:47:07.074" >
              <step title="Executing external process" date="2025-10-16T18:47:08.219" type="process" path="bash" arguments="-c &quot;oryx build /tmp/zipdeploy/extracted -o /home/site/wwwroot --platform python --platform-version 3.12 -p virtualenv_name=antenv --log-file /tmp/build-debug.log  -i /tmp/8de0ce467c66cfe --compress-destination-dir | tee /tmp/oryx-build.log ; exit $PIPESTATUS &quot;" >
                <step title="Cpu: python(2749,31.790s)+ts(2750,0.090s)+build.sh(2748,0.000s)+build.sh(2747,0.000s)+build.sh(2671,0.030s)+oryx(2647,5.970s)+tee(2648,0.010s)+bash(2646,0.020s)=total(37.900s)" date="2025-10-16T18:48:31.600" /><!-- duration: 9ms -->
                <step title="bash: no io activity for 61s, prev-cpu=-1.000s, current-cpu=37.900s" date="2025-10-16T18:48:31.615" /><!-- duration: 15ms -->
                <step title="Cpu: python(2749,70.530s)+ts(2750,0.090s)+build.sh(2748,0.000s)+build.sh(2747,0.000s)+build.sh(2671,0.030s)+oryx(2647,6.010s)+tee(2648,0.010s)+bash(2646,0.020s)=total(76.690s)" date="2025-10-16T18:49:31.665" /><!-- duration: 5ms -->
                <step title="bash: no io activity for 121s, prev-cpu=37.900s, current-cpu=76.690s" date="2025-10-16T18:49:31.686" /><!-- duration: 8ms -->
                <step title="Cpu: rsync(2805,8.970s)+rsync(2804,0.990s)+rsync(2803,6.790s)+build.sh(2671,0.030s)+oryx(2647,6.140s)+tee(2648,0.010s)+bash(2646,0.020s)=total(22.950s)" date="2025-10-16T18:50:43.839" /><!-- duration: 12ms -->
                <step title="bash: no io activity for 60s, prev-cpu=-1.000s, current-cpu=22.950s" date="2025-10-16T18:50:43.855" /><!-- duration: 3ms -->
                <step title="Cpu: gzip(2837,43.110s)+sh(2836,0.000s)+tar(2835,4.660s)+build.sh(2671,0.030s)+oryx(2647,6.170s)+tee(2648,0.010s)+bash(2646,0.020s)=total(54.000s)" date="2025-10-16T18:52:07.922" /><!-- duration: 12ms -->
                <step title="bash: no io activity for 61s, prev-cpu=-1.000s, current-cpu=54.000s" date="2025-10-16T18:52:07.945" /><!-- duration: 12ms -->
                <step title="Cpu: gzip(2837,89.490s)+sh(2836,0.000s)+tar(2835,7.710s)+build.sh(2671,0.030s)+oryx(2647,6.270s)+tee(2648,0.010s)+bash(2646,0.020s)=total(103.530s)" date="2025-10-16T18:53:08.099" /><!-- duration: 5ms -->
                <step title="bash: no io activity for 121s, prev-cpu=54.000s, current-cpu=103.530s" date="2025-10-16T18:53:08.124" /><!-- duration: 5ms -->
              </step><!-- duration: 380112ms -->
              <step title="Using PythonDeploymentLogParser" date="2025-10-16T18:53:29.376" /><!-- duration: 6ms -->
              <step title="Modified file to trigger a restart of the app container." date="2025-10-16T18:53:32.170" /><!-- duration: 5ms -->
              <step title="Skip function trigger and logicapp sync because function is not enabled." date="2025-10-16T18:53:32.189" /><!-- duration: 8ms -->
            </step><!-- duration: 386395ms -->
          </step><!-- duration: 386604ms -->
          <step title="Cleaning up temp files" date="2025-10-16T18:53:33.480" /><!-- duration: 8099ms -->
          <step title="Cleaning up temp files" date="2025-10-16T18:53:41.584" /><!-- duration: 517ms -->
          <step title="Reloading status file with latest updates" date="2025-10-16T18:53:42.197" >
            <step title="WebHooksManager.PublishEventAsync: PostDeployment" date="2025-10-16T18:53:42.207" /><!-- duration: 171ms -->
          </step><!-- duration: 187ms -->
          <step title="Cleaning up temporary deployment - fetch deployment was successful" date="2025-10-16T18:53:42.428" /><!-- duration: 4ms -->
        </step><!-- duration: 395798ms -->
      </step><!-- duration: 397925ms -->
