<step title="Incoming Request" date="2025-10-16T18:49:12.548" instance="3dffe1" url="/api/deployments/latest?deployer=OneDeploy&amp;time=2025-10-16_18-47-00Z" method="GET" type="request" pid="768,1,17" Host="sentiment-api-at2025.scm.azurewebsites.net" User-Agent="GITHUBACTIONS_DeployWebAppToAzure_166d80897058adf60a83b4621feef8c0848d3a717d55b28c45048fb29c44ee7b" Authorization="Bea..." Content-Type="application/json; charset=utf-8" Cookie="ARRAffinity=3dffe12b626d0727fde120b934eb00f6b88cedb4be5e0abcbc7f874600c24062;Path=/;HttpOnly;Secure;Domain=sentiment-api-at2025.scm.azurewebsites.net; ARRAffinitySameSite=3dffe12b626d0727fde120b934eb00f6b88cedb4be5e0abcbc7f874600c24062;Path=/;HttpOnly;SameSite=None;Secure;Domain=sentiment-api-at2025.scm.azurewebsites.net" Content-Length="0" X-ARR-LOG-ID="76544847-dd86-4207-96aa-735c8a538a57" CLIENT-IP="40.76.239.103:45112" X-SITE-DEPLOYMENT-ID="sentiment-api-at2025" WAS-DEFAULT-HOSTNAME="sentiment-api-at2025.scm.azurewebsites.net" X-Forwarded-Proto="https" X-AppService-Proto="https" X-Forwarded-TlsVersion="1.3" X-WAWS-Unencoded-URL="/api/deployments/latest?deployer=OneDeploy&amp;time=2025-10-16_18-47-00Z" X-Client-IP="40.76.239.103" X-Client-Port="45112" >
  <step title="Cleanup Xml Logs" date="2025-10-16T18:49:12.552" >
    <step title="Cleanup Infos" date="2025-10-16T18:49:12.563" totalFiles="252" totalCleanup="92" /><!-- duration: 6ms -->
  </step><!-- duration: 20ms -->
  <step title="DeploymentService.GetResult" date="2025-10-16T18:49:12.579" >
    <step title="DeploymentService.GetLatestDeployment" date="2025-10-16T18:49:12.582" >
      <step title="DeploymentManager.GetResults" date="2025-10-16T18:49:12.587" /><!-- duration: 409ms -->
    </step><!-- duration: 417ms -->
  </step><!-- duration: 423ms -->
  <step title="Outgoing response" date="2025-10-16T18:49:13.337" type="response" statusCode="202" statusText="Accepted" /><!-- duration: 3ms -->
</step><!-- duration: 795ms -->
