<step title="Incoming Request" date="2025-10-16T17:26:41.452" instance="3dffe1" url="/api/publish?async=true&amp;deployer=GITHUB_ONE_DEPLOY&amp;type=zip&amp;message=%7B%22type%22%3A%22deployment%22%2C%22sha%22%3A%22ef5a42b1dd2525a4e3205219e7c04c8ec225324d%22%2C%22repoName%22%3A%22theven1anthony%2Fsentiment_analysis%22%2C%22actor%22%3A%22theven1anthony%22%2C%22slotName%22%3A%22production%22%2C%22commitMessage%22%3A%22Finalisation%20migration%20Azure%20et%20am%C3%A9liorations%20projet%5Cn%5CnModifications%20Azure%3A%5Cn-%20Integration%20compl%C3%A8te%20Azure%20Monitor%20dans%20api%2Fmain.py%5Cn-%20Import%20conditionnel%20du%20module%20azure_monitor_integration%5Cn-%20Logs%20misclassifications%20et%20alertes%20dans%20Application%20Insights%5Cn%5CnAm%C3%A9liorations%20g%C3%A9n%C3%A9rales%3A%5Cn-%20Refactorisation%20modules%20preprocessing%20et%20evaluation%5Cn-%20Optimisation%20scripts%20entrainement%20(bert%2C%20use%2C%20word2vec%2C%20simple)%5Cn-%20Am%C3%A9lioration%20deploy_model.py%5Cn-%20Mise%20%C3%A0%20jour%20.gitignore%5Cn-%20Corrections%20diverses%20docker-compose%20et%20documentation%5Cn%5CnCes%20changements%20non%20commit%C3%A9s%20sont%20d%C3%A9sormais%20versionn%C3%A9s.%22%7D" method="POST" type="request" pid="767,1,5" Host="sentiment-api-at2025.scm.azurewebsites.net" User-Agent="GITHUBACTIONS_DeployWebAppToAzure_166d80897058adf60a83b4621feef8c0848d3a717d55b28c45048fb29c44ee7b" Authorization="Bea..." Content-Type="application/octet-stream" Cookie="ARRAffinity=3dffe12b626d0727fde120b934eb00f6b88cedb4be5e0abcbc7f874600c24062;Path=/;HttpOnly;Secure;Domain=sentiment-api-at2025.scm.azurewebsites.net; ARRAffinitySameSite=3dffe12b626d0727fde120b934eb00f6b88cedb4be5e0abcbc7f874600c24062;Path=/;HttpOnly;SameSite=None;Secure;Domain=sentiment-api-at2025.scm.azurewebsites.net" Transfer-Encoding="chunked" X-ARR-LOG-ID="4d9f002e-7a32-4e8f-8a39-4ff9cc71f471" CLIENT-IP="52.161.55.197:47104" X-SITE-DEPLOYMENT-ID="sentiment-api-at2025" WAS-DEFAULT-HOSTNAME="sentiment-api-at2025.scm.azurewebsites.net" X-Forwarded-Proto="https" X-AppService-Proto="https" X-Forwarded-TlsVersion="1.3" X-WAWS-Unencoded-URL="/api/publish?async=true&amp;deployer=GITHUB_ONE_DEPLOY&amp;type=zip&amp;message=%7B%22type%22%3A%22deployment%22%2C%22sha%22%3A%22ef5a42b1dd2525a4e3205219e7c04c8ec225324d%22%2C%22repoName%22%3A%22theven1anthony%2Fsentiment_analysis%22%2C%22actor%22%3A%22theven1anthony%22%2C%22slotName%22%3A%22production%22%2C%22commitMessage%22%3A%22Finalisation%20migration%20Azure%20et%20am%C3%A9liorations%20projet%5Cn%5CnModifications%20Azure%3A%5Cn-%20Integration%20compl%C3%A8te%20Azure%20Monitor%20dans%20api%2Fmain.py%5Cn-%20Import%20conditionnel%20du%20module%20azure_monitor_integration%5Cn-%20Logs%20misclassifications%20et%20alertes%20dans%20Application%20Insights%5Cn%5CnAm%C3%A9liorations%20g%C3%A9n%C3%A9rales%3A%5Cn-%20Refactorisation%20modules%20preprocessing%20et%20evaluation%5Cn-%20Optimisation%20scripts%20entrainement%20(bert%2C%20use%2C%20word2vec%2C%20simple)%5Cn-%20Am%C3%A9lioration%20deploy_model.py%5Cn-%20Mise%20%C3%A0%20jour%20.gitignore%5Cn-%20Corrections%20diverses%20docker-compose%20et%20documentation%5Cn%5CnCes%20changements%20non%20commit%C3%A9s%20sont%20d%C3%A9sormais%20versionn%C3%A9s.%22%7D" X-Client-IP="52.161.55.197" X-Client-Port="47104" >
  <step title="OneDeploy" date="2025-10-16T17:26:41.528" >
    <step title="None repository commit" date="2025-10-16T17:26:41.536" >
      <step title="Commit id: 687db2db-779d-496f-851f-05572e90f7e0" date="2025-10-16T17:26:41.539" Message="N/A" AuthorName="N/A" AuthorEmail="N/A" /><!-- duration: 3ms -->
    </step><!-- duration: 8ms -->
    <step title="Starting PushDeployAsync" date="2025-10-16T17:26:41.547" /><!-- duration: 2ms -->
    <step title="Writing artifact to /tmp/zipdeploy/2d371314-ea86-46a2-958e-4b166f2e01d0.zip" date="2025-10-16T17:26:41.556" >
      <step title="Writing multipart request body to /tmp/zipdeploy/2d371314-ea86-46a2-958e-4b166f2e01d0.zip" date="2025-10-16T17:26:41.560" /><!-- duration: 3ms -->
    </step><!-- duration: 1211ms -->
    <step title="Start deployment in the background" date="2025-10-16T17:26:42.777" >
      <step title="Acquiring Deployment Lock" date="2025-10-16T17:26:42.784" /><!-- duration: 2ms -->
      <step title="Acquired Deployment Lock" date="2025-10-16T17:26:42.813" /><!-- duration: 2ms -->
    </step><!-- duration: 149ms -->
  </step><!-- duration: 1422ms -->
  <step title="Outgoing response" date="2025-10-16T17:26:42.955" type="response" statusCode="202" statusText="Accepted" /><!-- duration: 2ms -->
</step><!-- duration: 1507ms -->
