<step title="Incoming Request" date="2025-10-16T18:31:22.554" instance="3dffe1" url="/api/publish?async=true&amp;deployer=GITHUB_ONE_DEPLOY&amp;type=zip&amp;message=%7B%22type%22%3A%22deployment%22%2C%22sha%22%3A%2222cb040adbb1ecdf4d725b9670a95f647e3872fa%22%2C%22repoName%22%3A%22theven1anthony%2Fsentiment_analysis%22%2C%22actor%22%3A%22theven1anthony%22%2C%22slotName%22%3A%22production%22%2C%22commitMessage%22%3A%22Ajout%20pandas%20et%20mlflow%20aux%20d%C3%A9pendances%20API%5Cn%5CnL%27API%20n%C3%A9cessite%20pandas%20et%20mlflow.pyfunc%20pour%20fonctionner.%22%7D" method="POST" type="request" pid="768,1,19" Host="sentiment-api-at2025.scm.azurewebsites.net" User-Agent="GITHUBACTIONS_DeployWebAppToAzure_166d80897058adf60a83b4621feef8c0848d3a717d55b28c45048fb29c44ee7b" Authorization="Bea..." Content-Type="application/octet-stream" Cookie="ARRAffinity=3dffe12b626d0727fde120b934eb00f6b88cedb4be5e0abcbc7f874600c24062;Path=/;HttpOnly;Secure;Domain=sentiment-api-at2025.scm.azurewebsites.net; ARRAffinitySameSite=3dffe12b626d0727fde120b934eb00f6b88cedb4be5e0abcbc7f874600c24062;Path=/;HttpOnly;SameSite=None;Secure;Domain=sentiment-api-at2025.scm.azurewebsites.net" Transfer-Encoding="chunked" X-ARR-LOG-ID="07a6a319-8948-462b-937e-f0bde1ac60d5" CLIENT-IP="68.220.59.50:54272" X-SITE-DEPLOYMENT-ID="sentiment-api-at2025" WAS-DEFAULT-HOSTNAME="sentiment-api-at2025.scm.azurewebsites.net" X-Forwarded-Proto="https" X-AppService-Proto="https" X-Forwarded-TlsVersion="1.3" X-WAWS-Unencoded-URL="/api/publish?async=true&amp;deployer=GITHUB_ONE_DEPLOY&amp;type=zip&amp;message=%7B%22type%22%3A%22deployment%22%2C%22sha%22%3A%2222cb040adbb1ecdf4d725b9670a95f647e3872fa%22%2C%22repoName%22%3A%22theven1anthony%2Fsentiment_analysis%22%2C%22actor%22%3A%22theven1anthony%22%2C%22slotName%22%3A%22production%22%2C%22commitMessage%22%3A%22Ajout%20pandas%20et%20mlflow%20aux%20d%C3%A9pendances%20API%5Cn%5CnL%27API%20n%C3%A9cessite%20pandas%20et%20mlflow.pyfunc%20pour%20fonctionner.%22%7D" X-Client-IP="68.220.59.50" X-Client-Port="54272" >
  <step title="OneDeploy" date="2025-10-16T18:31:22.617" >
    <step title="Starting PushDeployAsync" date="2025-10-16T18:31:22.645" /><!-- duration: 4ms -->
    <step title="Writing artifact to /tmp/zipdeploy/914d331d-1b1d-4bab-b987-7784b70885b4.zip" date="2025-10-16T18:31:22.667" >
      <step title="Writing multipart request body to /tmp/zipdeploy/914d331d-1b1d-4bab-b987-7784b70885b4.zip" date="2025-10-16T18:31:22.670" /><!-- duration: 3ms -->
    </step><!-- duration: 1621ms -->
    <step title="Removing previous build artifact&apos;s manifest file" date="2025-10-16T18:31:24.300" >
      <step title="Start deployment in the background" date="2025-10-16T18:31:24.325" >
        <step title="Acquiring Deployment Lock" date="2025-10-16T18:31:24.381" /><!-- duration: 3ms -->
        <step title="Acquired Deployment Lock" date="2025-10-16T18:31:24.436" /><!-- duration: 2ms -->
      </step><!-- duration: 285ms -->
    </step><!-- duration: 341ms -->
    <step title="Outgoing response" date="2025-10-16T18:31:24.651" type="response" statusCode="202" statusText="Accepted" /><!-- duration: 3ms -->
  </step><!-- duration: 2040ms -->
