<step title="Incoming Request" date="2025-10-16T19:08:17.475" instance="3dffe1" url="/api/deployments/latest?deployer=OneDeploy&amp;time=2025-10-16_19-03-18Z" method="GET" type="request" pid="768,1,20" Host="sentiment-api-at2025.scm.azurewebsites.net" User-Agent="GITHUBACTIONS_DeployWebAppToAzure_166d80897058adf60a83b4621feef8c0848d3a717d55b28c45048fb29c44ee7b" Authorization="Bea..." Content-Type="application/json; charset=utf-8" Cookie="ARRAffinity=3dffe12b626d0727fde120b934eb00f6b88cedb4be5e0abcbc7f874600c24062;Path=/;HttpOnly;Secure;Domain=sentiment-api-at2025.scm.azurewebsites.net; ARRAffinitySameSite=3dffe12b626d0727fde120b934eb00f6b88cedb4be5e0abcbc7f874600c24062;Path=/;HttpOnly;SameSite=None;Secure;Domain=sentiment-api-at2025.scm.azurewebsites.net" Content-Length="0" X-ARR-LOG-ID="66d3dfd4-58cc-4efa-b64f-947a8458c140" CLIENT-IP="20.81.159.7:6146" X-SITE-DEPLOYMENT-ID="sentiment-api-at2025" WAS-DEFAULT-HOSTNAME="sentiment-api-at2025.scm.azurewebsites.net" X-Forwarded-Proto="https" X-AppService-Proto="https" X-Forwarded-TlsVersion="1.3" X-WAWS-Unencoded-URL="/api/deployments/latest?deployer=OneDeploy&amp;time=2025-10-16_19-03-18Z" X-Client-IP="20.81.159.7" X-Client-Port="6146" >
  <step title="Cleanup Xml Logs" date="2025-10-16T19:08:17.480" >
    <step title="Cleanup Infos" date="2025-10-16T19:08:17.493" totalFiles="345" totalCleanup="185" /><!-- duration: 7ms -->
  </step><!-- duration: 23ms -->
  <step title="DeploymentService.GetResult" date="2025-10-16T19:08:17.508" >
    <step title="DeploymentService.GetLatestDeployment" date="2025-10-16T19:08:17.519" >
      <step title="DeploymentManager.GetResults" date="2025-10-16T19:08:17.522" /><!-- duration: 467ms -->
    </step><!-- duration: 474ms -->
  </step><!-- duration: 487ms -->
  <step title="Outgoing response" date="2025-10-16T19:08:17.999" type="response" statusCode="202" statusText="Accepted" /><!-- duration: 3ms -->
</step><!-- duration: 529ms -->
