<step title="Incoming Request" date="2025-10-16T17:46:20.110" instance="3dffe1" url="/api/publish?async=true&amp;deployer=GITHUB_ONE_DEPLOY&amp;type=zip&amp;message=%7B%22type%22%3A%22deployment%22%2C%22sha%22%3A%223d3b4863a47c22ad9d819183a7cf3ef4e361fe94%22%2C%22repoName%22%3A%22theven1anthony%2Fsentiment_analysis%22%2C%22actor%22%3A%22theven1anthony%22%2C%22slotName%22%3A%22production%22%2C%22commitMessage%22%3A%22Optimisation%20requirements-api.txt%20pour%20d%C3%A9ploiement%20plus%20rapide%5Cn%5Cn-%20Remplacement%20de%20tensorflow%20par%20tensorflow-cpu%20(sans%20CUDA)%5Cn-%20Retrait%20de%20transformers%20(non%20utilis%C3%A9%20en%20production)%5Cn-%20Ajout%20de%20contrainte%20numpy%20%3C2.0.0%20pour%20stabilit%C3%A9%5Cn-%20uvicorn%5Bstandard%5D%20pour%20d%C3%A9pendances%20optimales%5Cn-%20R%C3%A9duction%20significative%20de%20la%20taille%20et%20du%20temps%20d%27installation%5Cn%5Cn%F0%9F%A4%96%20Generated%20with%20%5BClaude%20Code%5D(https%3A%2F%2Fclaude.com%2Fclaude-code)%5Cn%5CnCo-Authored-By%3A%20Claude%20%3Cnoreply%40anthropic.com%3E%22%7D" method="POST" type="request" pid="768,1,39" Host="sentiment-api-at2025.scm.azurewebsites.net" User-Agent="GITHUBACTIONS_DeployWebAppToAzure_166d80897058adf60a83b4621feef8c0848d3a717d55b28c45048fb29c44ee7b" Authorization="Bea..." Content-Type="application/octet-stream" Cookie="ARRAffinity=3dffe12b626d0727fde120b934eb00f6b88cedb4be5e0abcbc7f874600c24062;Path=/;HttpOnly;Secure;Domain=sentiment-api-at2025.scm.azurewebsites.net; ARRAffinitySameSite=3dffe12b626d0727fde120b934eb00f6b88cedb4be5e0abcbc7f874600c24062;Path=/;HttpOnly;SameSite=None;Secure;Domain=sentiment-api-at2025.scm.azurewebsites.net" Transfer-Encoding="chunked" X-ARR-LOG-ID="de98dae1-73a6-4aae-86f2-6e3ce257aedc" CLIENT-IP="20.109.38.226:58384" X-SITE-DEPLOYMENT-ID="sentiment-api-at2025" WAS-DEFAULT-HOSTNAME="sentiment-api-at2025.scm.azurewebsites.net" X-Forwarded-Proto="https" X-AppService-Proto="https" X-Forwarded-TlsVersion="1.3" X-WAWS-Unencoded-URL="/api/publish?async=true&amp;deployer=GITHUB_ONE_DEPLOY&amp;type=zip&amp;message=%7B%22type%22%3A%22deployment%22%2C%22sha%22%3A%223d3b4863a47c22ad9d819183a7cf3ef4e361fe94%22%2C%22repoName%22%3A%22theven1anthony%2Fsentiment_analysis%22%2C%22actor%22%3A%22theven1anthony%22%2C%22slotName%22%3A%22production%22%2C%22commitMessage%22%3A%22Optimisation%20requirements-api.txt%20pour%20d%C3%A9ploiement%20plus%20rapide%5Cn%5Cn-%20Remplacement%20de%20tensorflow%20par%20tensorflow-cpu%20(sans%20CUDA)%5Cn-%20Retrait%20de%20transformers%20(non%20utilis%C3%A9%20en%20production)%5Cn-%20Ajout%20de%20contrainte%20numpy%20%3C2.0.0%20pour%20stabilit%C3%A9%5Cn-%20uvicorn%5Bstandard%5D%20pour%20d%C3%A9pendances%20optimales%5Cn-%20R%C3%A9duction%20significative%20de%20la%20taille%20et%20du%20temps%20d%27installation%5Cn%5Cn%F0%9F%A4%96%20Generated%20with%20%5BClaude%20Code%5D(https%3A%2F%2Fclaude.com%2Fclaude-code)%5Cn%5CnCo-Authored-By%3A%20Claude%20%3Cnoreply%40anthropic.com%3E%22%7D" X-Client-IP="20.109.38.226" X-Client-Port="58384" >
  <step title="OneDeploy" date="2025-10-16T17:46:20.348" >
    <step title="None repository commit" date="2025-10-16T17:46:20.365" >
      <step title="Commit id: 9abe9c9f-28a6-4abd-9246-eaef6eccd098" date="2025-10-16T17:46:20.369" Message="N/A" AuthorName="N/A" AuthorEmail="N/A" /><!-- duration: 2ms -->
    </step><!-- duration: 8ms -->
    <step title="Starting PushDeployAsync" date="2025-10-16T17:46:20.386" /><!-- duration: 3ms -->
    <step title="Writing artifact to /tmp/zipdeploy/d8fd9c0b-4f10-4e2f-a684-2b78dee8e1ae.zip" date="2025-10-16T17:46:20.438" >
      <step title="Writing multipart request body to /tmp/zipdeploy/d8fd9c0b-4f10-4e2f-a684-2b78dee8e1ae.zip" date="2025-10-16T17:46:20.441" /><!-- duration: 3ms -->
    </step><!-- duration: 569ms -->
    <step title="Start deployment in the background" date="2025-10-16T17:46:21.120" >
      <step title="Acquiring Deployment Lock" date="2025-10-16T17:46:21.161" /><!-- duration: 3ms -->
      <step title="Acquired Deployment Lock" date="2025-10-16T17:46:21.231" /><!-- duration: 3ms -->
    </step><!-- duration: 237ms -->
  </step><!-- duration: 1019ms -->
  <step title="Outgoing response" date="2025-10-16T17:46:21.373" type="response" statusCode="202" statusText="Accepted" /><!-- duration: 2ms -->
</step><!-- duration: 1268ms -->
