<step title="Incoming Request" date="2025-10-16T20:02:17.677" instance="3dffe1" url="/api/deployments/latest?deployer=OneDeploy&amp;time=2025-10-16_19-56-25Z" method="GET" type="request" pid="768,1,46" Host="sentiment-api-at2025.scm.azurewebsites.net" User-Agent="GITHUBACTIONS_DeployWebAppToAzure_166d80897058adf60a83b4621feef8c0848d3a717d55b28c45048fb29c44ee7b" Authorization="Bea..." Content-Type="application/json; charset=utf-8" Cookie="ARRAffinity=3dffe12b626d0727fde120b934eb00f6b88cedb4be5e0abcbc7f874600c24062;Path=/;HttpOnly;Secure;Domain=sentiment-api-at2025.scm.azurewebsites.net; ARRAffinitySameSite=3dffe12b626d0727fde120b934eb00f6b88cedb4be5e0abcbc7f874600c24062;Path=/;HttpOnly;SameSite=None;Secure;Domain=sentiment-api-at2025.scm.azurewebsites.net" Content-Length="0" X-ARR-LOG-ID="7753f1ce-b27d-447c-a1a1-0a637296944e" CLIENT-IP="57.151.129.56:35920" X-SITE-DEPLOYMENT-ID="sentiment-api-at2025" WAS-DEFAULT-HOSTNAME="sentiment-api-at2025.scm.azurewebsites.net" X-Forwarded-Proto="https" X-AppService-Proto="https" X-Forwarded-TlsVersion="1.3" X-WAWS-Unencoded-URL="/api/deployments/latest?deployer=OneDeploy&amp;time=2025-10-16_19-56-25Z" X-Client-IP="57.151.129.56" X-Client-Port="35920" >
  <step title="Cleanup Xml Logs" date="2025-10-16T20:02:17.692" >
    <step title="Cleanup Infos" date="2025-10-16T20:02:17.764" totalFiles="488" totalCleanup="328" /><!-- duration: 31ms -->
  </step><!-- duration: 123ms -->
  <step title="DeploymentService.GetResult" date="2025-10-16T20:02:17.852" >
    <step title="DeploymentService.GetLatestDeployment" date="2025-10-16T20:02:17.908" >
      <step title="DeploymentManager.GetResults" date="2025-10-16T20:02:17.924" /><!-- duration: 2115ms -->
    </step><!-- duration: 2142ms -->
  </step><!-- duration: 2241ms -->
  <step title="Outgoing response" date="2025-10-16T20:02:20.179" type="response" statusCode="202" statusText="Accepted" /><!-- duration: 47ms -->
</step><!-- duration: 2696ms -->
