<step title="Incoming Request" date="2025-10-16T18:11:38.004" instance="3dffe1" url="/api/publish?async=true&amp;deployer=GITHUB_ONE_DEPLOY&amp;type=zip&amp;message=%7B%22type%22%3A%22deployment%22%2C%22sha%22%3A%225727a6ce1060cf6ab767b4ec38c762b9648a511b%22%2C%22repoName%22%3A%22theven1anthony%2Fsentiment_analysis%22%2C%22actor%22%3A%22theven1anthony%22%2C%22slotName%22%3A%22production%22%2C%22commitMessage%22%3A%22Optimisation%20pipeline%20CI%20pour%20%C3%A9viter%20manque%20d%27espace%20disque%5Cn%5Cn-%20Cr%C3%A9ation%20de%20requirements-test.txt%20avec%20tensorflow-cpu%20(sans%20PyTorch)%5Cn-%20Mise%20%C3%A0%20jour%20du%20workflow%20CI%20pour%20utiliser%20requirements-test.txt%5Cn-%20Modification%20du%20Dockerfile%20pour%20utiliser%20requirements-api.txt%20en%20priorit%C3%A9%5Cn-%20%C3%89conomie%20de%20~4GB%20d%27espace%20disque%20sur%20GitHub%20Actions%20runners%5Cn%5CnR%C3%A9sout%20l%27erreur%20%5C%22No%20space%20left%20on%20device%5C%22%20lors%20du%20build%20Docker.%5Cn%5Cn%F0%9F%A4%96%20Generated%20with%20%5BClaude%20Code%5D(https%3A%2F%2Fclaude.com%2Fclaude-code)%5Cn%5CnCo-Authored-By%3A%20Claude%20%3Cnoreply%40anthropic.com%3E%22%7D" method="POST" type="request" pid="768,1,7" Host="sentiment-api-at2025.scm.azurewebsites.net" User-Agent="GITHUBACTIONS_DeployWebAppToAzure_166d80897058adf60a83b4621feef8c0848d3a717d55b28c45048fb29c44ee7b" Authorization="Bea..." Content-Type="application/octet-stream" Cookie="ARRAffinity=3dffe12b626d0727fde120b934eb00f6b88cedb4be5e0abcbc7f874600c24062;Path=/;HttpOnly;Secure;Domain=sentiment-api-at2025.scm.azurewebsites.net; ARRAffinitySameSite=3dffe12b626d0727fde120b934eb00f6b88cedb4be5e0abcbc7f874600c24062;Path=/;HttpOnly;SameSite=None;Secure;Domain=sentiment-api-at2025.scm.azurewebsites.net" Transfer-Encoding="chunked" X-ARR-LOG-ID="29ab5ab9-e07e-4406-9293-c1fd2c71893a" CLIENT-IP="4.236.173.17:47104" X-SITE-DEPLOYMENT-ID="sentiment-api-at2025" WAS-DEFAULT-HOSTNAME="sentiment-api-at2025.scm.azurewebsites.net" X-Forwarded-Proto="https" X-AppService-Proto="https" X-Forwarded-TlsVersion="1.3" X-WAWS-Unencoded-URL="/api/publish?async=true&amp;deployer=GITHUB_ONE_DEPLOY&amp;type=zip&amp;message=%7B%22type%22%3A%22deployment%22%2C%22sha%22%3A%225727a6ce1060cf6ab767b4ec38c762b9648a511b%22%2C%22repoName%22%3A%22theven1anthony%2Fsentiment_analysis%22%2C%22actor%22%3A%22theven1anthony%22%2C%22slotName%22%3A%22production%22%2C%22commitMessage%22%3A%22Optimisation%20pipeline%20CI%20pour%20%C3%A9viter%20manque%20d%27espace%20disque%5Cn%5Cn-%20Cr%C3%A9ation%20de%20requirements-test.txt%20avec%20tensorflow-cpu%20(sans%20PyTorch)%5Cn-%20Mise%20%C3%A0%20jour%20du%20workflow%20CI%20pour%20utiliser%20requirements-test.txt%5Cn-%20Modification%20du%20Dockerfile%20pour%20utiliser%20requirements-api.txt%20en%20priorit%C3%A9%5Cn-%20%C3%89conomie%20de%20~4GB%20d%27espace%20disque%20sur%20GitHub%20Actions%20runners%5Cn%5CnR%C3%A9sout%20l%27erreur%20%5C%22No%20space%20left%20on%20device%5C%22%20lors%20du%20build%20Docker.%5Cn%5Cn%F0%9F%A4%96%20Generated%20with%20%5BClaude%20Code%5D(https%3A%2F%2Fclaude.com%2Fclaude-code)%5Cn%5CnCo-Authored-By%3A%20Claude%20%3Cnoreply%40anthropic.com%3E%22%7D" X-Client-IP="4.236.173.17" X-Client-Port="47104" >
  <step title="OneDeploy" date="2025-10-16T18:11:38.199" >
    <step title="Starting PushDeployAsync" date="2025-10-16T18:11:38.239" /><!-- duration: 3ms -->
    <step title="Writing artifact to /tmp/zipdeploy/34cb21ab-608d-480f-adb9-3808aa75299f.zip" date="2025-10-16T18:11:38.280" >
      <step title="Writing multipart request body to /tmp/zipdeploy/34cb21ab-608d-480f-adb9-3808aa75299f.zip" date="2025-10-16T18:11:38.350" /><!-- duration: 4ms -->
    </step><!-- duration: 760ms -->
    <step title="Removing previous build artifact&apos;s manifest file" date="2025-10-16T18:11:39.094" >
      <step title="Start deployment in the background" date="2025-10-16T18:11:39.192" >
        <step title="Acquiring Deployment Lock" date="2025-10-16T18:11:40.184" /><!-- duration: 7ms -->
        <step title="Acquired Deployment Lock" date="2025-10-16T18:11:40.261" /><!-- duration: 3ms -->
      </step><!-- duration: 1213ms -->
    </step><!-- duration: 1343ms -->
    <step title="Outgoing response" date="2025-10-16T18:11:40.447" type="response" statusCode="202" statusText="Accepted" /><!-- duration: 3ms -->
  </step><!-- duration: 2254ms -->
