<step title="Incoming Request" date="2025-10-16T18:51:37.882" instance="3dffe1" url="/api/deployments/latest?deployer=OneDeploy&amp;time=2025-10-16_18-47-00Z" method="GET" type="request" pid="768,1,3" Host="sentiment-api-at2025.scm.azurewebsites.net" User-Agent="GITHUBACTIONS_DeployWebAppToAzure_166d80897058adf60a83b4621feef8c0848d3a717d55b28c45048fb29c44ee7b" Authorization="Bea..." Content-Type="application/json; charset=utf-8" Cookie="ARRAffinity=3dffe12b626d0727fde120b934eb00f6b88cedb4be5e0abcbc7f874600c24062;Path=/;HttpOnly;Secure;Domain=sentiment-api-at2025.scm.azurewebsites.net; ARRAffinitySameSite=3dffe12b626d0727fde120b934eb00f6b88cedb4be5e0abcbc7f874600c24062;Path=/;HttpOnly;SameSite=None;Secure;Domain=sentiment-api-at2025.scm.azurewebsites.net" Content-Length="0" X-ARR-LOG-ID="a7778c0d-1507-440e-b9c6-5800f698d78f" CLIENT-IP="40.76.239.103:45112" X-SITE-DEPLOYMENT-ID="sentiment-api-at2025" WAS-DEFAULT-HOSTNAME="sentiment-api-at2025.scm.azurewebsites.net" X-Forwarded-Proto="https" X-AppService-Proto="https" X-Forwarded-TlsVersion="1.3" X-WAWS-Unencoded-URL="/api/deployments/latest?deployer=OneDeploy&amp;time=2025-10-16_18-47-00Z" X-Client-IP="40.76.239.103" X-Client-Port="45112" >
  <step title="Cleanup Xml Logs" date="2025-10-16T18:51:37.885" >
    <step title="Cleanup Infos" date="2025-10-16T18:51:37.897" totalFiles="275" totalCleanup="115" /><!-- duration: 6ms -->
  </step><!-- duration: 20ms -->
  <step title="DeploymentService.GetResult" date="2025-10-16T18:51:37.911" >
    <step title="DeploymentService.GetLatestDeployment" date="2025-10-16T18:51:37.914" >
      <step title="DeploymentManager.GetResults" date="2025-10-16T18:51:37.917" /><!-- duration: 419ms -->
    </step><!-- duration: 425ms -->
  </step><!-- duration: 430ms -->
  <step title="Outgoing response" date="2025-10-16T18:51:38.625" type="response" statusCode="202" statusText="Accepted" /><!-- duration: 4ms -->
</step><!-- duration: 752ms -->
