<step title="Incoming Request" date="2025-10-16T18:51:00.492" instance="3dffe1" url="/api/deployments/latest?deployer=OneDeploy&amp;time=2025-10-16_18-47-00Z" method="GET" type="request" pid="768,1,17" Host="sentiment-api-at2025.scm.azurewebsites.net" User-Agent="GITHUBACTIONS_DeployWebAppToAzure_166d80897058adf60a83b4621feef8c0848d3a717d55b28c45048fb29c44ee7b" Authorization="Bea..." Content-Type="application/json; charset=utf-8" Cookie="ARRAffinity=3dffe12b626d0727fde120b934eb00f6b88cedb4be5e0abcbc7f874600c24062;Path=/;HttpOnly;Secure;Domain=sentiment-api-at2025.scm.azurewebsites.net; ARRAffinitySameSite=3dffe12b626d0727fde120b934eb00f6b88cedb4be5e0abcbc7f874600c24062;Path=/;HttpOnly;SameSite=None;Secure;Domain=sentiment-api-at2025.scm.azurewebsites.net" Content-Length="0" X-ARR-LOG-ID="914522c0-106b-454f-9c66-5de19948bd8d" CLIENT-IP="40.76.239.103:45114" X-SITE-DEPLOYMENT-ID="sentiment-api-at2025" WAS-DEFAULT-HOSTNAME="sentiment-api-at2025.scm.azurewebsites.net" X-Forwarded-Proto="https" X-AppService-Proto="https" X-Forwarded-TlsVersion="1.3" X-WAWS-Unencoded-URL="/api/deployments/latest?deployer=OneDeploy&amp;time=2025-10-16_18-47-00Z" X-Client-IP="40.76.239.103" X-Client-Port="45114" >
  <step title="Cleanup Xml Logs" date="2025-10-16T18:51:00.501" >
    <step title="Cleanup Infos" date="2025-10-16T18:51:00.515" totalFiles="269" totalCleanup="109" /><!-- duration: 15ms -->
  </step><!-- duration: 32ms -->
  <step title="DeploymentService.GetResult" date="2025-10-16T18:51:00.539" >
    <step title="DeploymentService.GetLatestDeployment" date="2025-10-16T18:51:00.541" >
      <step title="DeploymentManager.GetResults" date="2025-10-16T18:51:00.544" /><!-- duration: 557ms -->
    </step><!-- duration: 562ms -->
  </step><!-- duration: 569ms -->
  <step title="Outgoing response" date="2025-10-16T18:51:01.112" type="response" statusCode="202" statusText="Accepted" /><!-- duration: 3ms -->
</step><!-- duration: 625ms -->
