﻿<?xml version="1.0" encoding="utf-8"?>
<deployment>
  <id>b47a413c-e221-4950-bb1e-89c37b065b28</id>
  <author>N/A</author>
  <deployer>OneDeploy</deployer>
  <authorEmail>N/A</authorEmail>
  <message>OneDeploy</message>
  <progress></progress>
  <status>Success</status>
  <statusText></statusText>
  <lastSuccessEndTime>2025-10-16T20:03:27.0605923Z</lastSuccessEndTime>
  <receivedTime>2025-10-16T19:56:30.7838092Z</receivedTime>
  <startTime>2025-10-16T19:56:32.2260839Z</startTime>
  <endTime>2025-10-16T20:03:27.0605923Z</endTime>
  <complete>True</complete>
  <is_temp>False</is_temp>
  <is_readonly>True</is_readonly>
  <buildSummary />
</deployment>