﻿<?xml version="1.0" encoding="utf-8"?>
<deployment>
  <id>fde2fc4a-3c6e-4879-94f7-ab3b6e24220b</id>
  <author>N/A</author>
  <deployer>OneDeploy</deployer>
  <authorEmail>N/A</authorEmail>
  <message>OneDeploy</message>
  <progress></progress>
  <status>Success</status>
  <statusText></statusText>
  <lastSuccessEndTime>2025-10-16T20:33:07.120105Z</lastSuccessEndTime>
  <receivedTime>2025-10-16T20:26:04.3295081Z</receivedTime>
  <startTime>2025-10-16T20:26:05.9038381Z</startTime>
  <endTime>2025-10-16T20:33:07.120105Z</endTime>
  <complete>True</complete>
  <is_temp>False</is_temp>
  <is_readonly>True</is_readonly>
  <buildSummary />
</deployment>