﻿<?xml version="1.0" encoding="utf-8"?>
<deployment>
  <id>456a302b-1ce1-417a-8c99-9b6a5e03eafd</id>
  <author>N/A</author>
  <deployer>OneDeploy</deployer>
  <authorEmail>N/A</authorEmail>
  <message>OneDeploy</message>
  <progress></progress>
  <status>Success</status>
  <statusText></statusText>
  <lastSuccessEndTime>2025-10-16T19:09:40.8050963Z</lastSuccessEndTime>
  <receivedTime>2025-10-16T19:03:22.8734139Z</receivedTime>
  <startTime>2025-10-16T19:03:24.2413382Z</startTime>
  <endTime>2025-10-16T19:09:40.8050963Z</endTime>
  <complete>True</complete>
  <is_temp>False</is_temp>
  <is_readonly>True</is_readonly>
  <buildSummary />
</deployment>