﻿<?xml version="1.0" encoding="utf-8"?>
<deployment>
  <id>534d43ca-c25a-4d74-ba7d-2140751b5dc3</id>
  <author>N/A</author>
  <deployer>OneDeploy</deployer>
  <authorEmail>N/A</authorEmail>
  <message>OneDeploy</message>
  <progress></progress>
  <status>Success</status>
  <statusText></statusText>
  <lastSuccessEndTime>2025-10-16T18:37:44.5492567Z</lastSuccessEndTime>
  <receivedTime>2025-10-16T18:31:28.6660612Z</receivedTime>
  <startTime>2025-10-16T18:31:30.3436896Z</startTime>
  <endTime>2025-10-16T18:37:44.5492567Z</endTime>
  <complete>True</complete>
  <is_temp>False</is_temp>
  <is_readonly>True</is_readonly>
  <buildSummary />
</deployment>