﻿<?xml version="1.0" encoding="utf-8"?>
<deployment>
  <id>0b89f064-c51e-401b-b03d-7de31aabe829</id>
  <author>N/A</author>
  <deployer>OneDeploy</deployer>
  <authorEmail>N/A</authorEmail>
  <message>OneDeploy</message>
  <progress></progress>
  <status>Success</status>
  <statusText></statusText>
  <lastSuccessEndTime>2025-10-16T19:33:24.7056405Z</lastSuccessEndTime>
  <receivedTime>2025-10-16T19:26:26.5054826Z</receivedTime>
  <startTime>2025-10-16T19:26:27.9355397Z</startTime>
  <endTime>2025-10-16T19:33:24.7056405Z</endTime>
  <complete>True</complete>
  <is_temp>False</is_temp>
  <is_readonly>True</is_readonly>
  <buildSummary />
</deployment>