﻿<?xml version="1.0" encoding="utf-8"?>
<deployment>
  <id>a01d2012-1e45-460d-b12d-fc25a71eb8da</id>
  <author>N/A</author>
  <deployer>OneDeploy</deployer>
  <authorEmail>N/A</authorEmail>
  <message>OneDeploy</message>
  <progress></progress>
  <status>Success</status>
  <statusText></statusText>
  <lastSuccessEndTime>2025-10-16T20:17:40.110962Z</lastSuccessEndTime>
  <receivedTime>2025-10-16T20:10:38.5571141Z</receivedTime>
  <startTime>2025-10-16T20:10:39.9866524Z</startTime>
  <endTime>2025-10-16T20:17:40.110962Z</endTime>
  <complete>True</complete>
  <is_temp>False</is_temp>
  <is_readonly>True</is_readonly>
  <buildSummary />
</deployment>