﻿<?xml version="1.0" encoding="utf-8"?>
<deployment>
  <id>d2016969-2771-468e-b91a-2a9d8af80435</id>
  <author>N/A</author>
  <deployer>OneDeploy</deployer>
  <authorEmail>N/A</authorEmail>
  <message>OneDeploy</message>
  <progress></progress>
  <status>Success</status>
  <statusText></statusText>
  <lastSuccessEndTime>2025-10-16T18:26:14.4560845Z</lastSuccessEndTime>
  <receivedTime>2025-10-16T18:21:38.5139772Z</receivedTime>
  <startTime>2025-10-16T18:21:40.0508641Z</startTime>
  <endTime>2025-10-16T18:26:14.4560845Z</endTime>
  <complete>True</complete>
  <is_temp>False</is_temp>
  <is_readonly>True</is_readonly>
  <buildSummary />
</deployment>