﻿<?xml version="1.0" encoding="utf-8"?>
<deployment>
  <id>96e9d203-02cc-4527-ae2b-814135412395</id>
  <author>N/A</author>
  <deployer>OneDeploy</deployer>
  <authorEmail>N/A</authorEmail>
  <message>OneDeploy</message>
  <progress></progress>
  <status>Success</status>
  <statusText></statusText>
  <lastSuccessEndTime>2025-10-16T18:53:32.5474173Z</lastSuccessEndTime>
  <receivedTime>2025-10-16T18:47:04.8764931Z</receivedTime>
  <startTime>2025-10-16T18:47:06.5380659Z</startTime>
  <endTime>2025-10-16T18:53:32.5474173Z</endTime>
  <complete>True</complete>
  <is_temp>False</is_temp>
  <is_readonly>True</is_readonly>
  <buildSummary />
</deployment>