﻿<?xml version="1.0" encoding="utf-8"?>
<deployment>
  <id>40a05acd-1006-468b-a6b1-4accedcd4845</id>
  <author>N/A</author>
  <deployer>OneDeploy</deployer>
  <authorEmail>N/A</authorEmail>
  <message>OneDeploy</message>
  <progress></progress>
  <status>Success</status>
  <statusText></statusText>
  <lastSuccessEndTime>2025-10-16T20:53:31.0906502Z</lastSuccessEndTime>
  <receivedTime>2025-10-16T20:46:02.141819Z</receivedTime>
  <startTime>2025-10-16T20:46:04.2892381Z</startTime>
  <endTime>2025-10-16T20:53:31.0906502Z</endTime>
  <complete>True</complete>
  <is_temp>False</is_temp>
  <is_readonly>True</is_readonly>
  <buildSummary />
</deployment>