﻿<?xml version="1.0" encoding="utf-8"?>
<deployment>
  <id>2922d1b5-14d5-4d62-b84a-5eb275fc6041</id>
  <author>N/A</author>
  <deployer>OneDeploy</deployer>
  <authorEmail>N/A</authorEmail>
  <message>OneDeploy</message>
  <progress></progress>
  <status>Success</status>
  <statusText></statusText>
  <lastSuccessEndTime>2025-10-16T18:16:08.2451396Z</lastSuccessEndTime>
  <receivedTime>2025-10-16T18:11:44.1455078Z</receivedTime>
  <startTime>2025-10-16T18:11:45.5522189Z</startTime>
  <endTime>2025-10-16T18:16:08.2451396Z</endTime>
  <complete>True</complete>
  <is_temp>False</is_temp>
  <is_readonly>True</is_readonly>
  <buildSummary />
</deployment>